name,awnsered_questions,questions
material-ui,537,1000
chakra-ui,7,18
Semantic-UI-React,103,205
fluentui,0,0
rebass,3,7
baseweb,3,3
react-spectrum,0,0
react-weui,0,0
element-react,0,0
primereact,30,58
react-bulma-components,0,0
pivotal-ui,0,0
circuit-ui,0,0
react-foundation,0,0
uiw,0,0
patternfly-react,0,0
react-bulma,0,0
rimble-ui,0,0
sancho,0,0
chakra-ui,7,18
Yoshino,0,0
styled-bootstrap-components,0,0
ej2-react-ui-components,0,0
shine-design,0,0
fundamental-react,0,0
forma-36,0,0
styleguide,0,0
style-guide,0,0
fluent-windows,0,0
re-jok,0,0
