,cursor,name_with_owner,url,stargazer_count,topic,create_at,dependencies,weight,gzipped
0,Y3Vyc29yOjE=,mui-org/material-ui,https://github.com/mui-org/material-ui,67549,react-components,2014-08-18 19:11:54+00:00,12,328.59,92.6
0,Y3Vyc29yOjI=,brillout/awesome-react-components,https://github.com/brillout/awesome-react-components,26539,react-components,2016-06-24 15:19:33+00:00,-1,675.0,-1.0
0,Y3Vyc29yOjM=,bvaughn/react-virtualized,https://github.com/bvaughn/react-virtualized,21498,react-components,2015-11-03 00:48:07+00:00,6,117.96,27.38
0,Y3Vyc29yOjQ=,enzymejs/enzyme,https://github.com/enzymejs/enzyme,19489,react-components,2015-11-10 21:45:38+00:00,22,463.19,127.54
0,Y3Vyc29yOjU=,necolas/react-native-web,https://github.com/necolas/react-native-web,18585,react-components,2015-06-09 19:25:38+00:00,9,270.5,73.57
0,Y3Vyc29yOjY=,chakra-ui/chakra-ui,https://github.com/chakra-ui/chakra-ui,16953,react-components,2019-08-17 14:27:54+00:00,17,279.59,89.02
0,Y3Vyc29yOjc=,Semantic-Org/Semantic-UI-React,https://github.com/Semantic-Org/Semantic-UI-React,12190,react-components,2015-06-19 16:47:19+00:00,13,263.19,72.91
0,Y3Vyc29yOjg=,microsoft/fluentui,https://github.com/microsoft/fluentui,11242,react-components,2016-06-06 15:03:44+00:00,4,24.74,8.12
0,Y3Vyc29yOjk=,ant-design/ant-design-mobile,https://github.com/ant-design/ant-design-mobile,8773,react-components,2015-11-30 03:33:06+00:00,1,157.32,46.32
0,Y3Vyc29yOjEw,rebassjs/rebass,https://github.com/rebassjs/rebass,7232,react-components,2015-02-11 14:48:09+00:00,1,42.97,14.41
0,Y3Vyc29yOjEx,uber/baseweb,https://github.com/uber/baseweb,6232,react-components,2018-03-09 01:32:10+00:00,-1,121491.0,-1.0
0,Y3Vyc29yOjEy,react-ui-builder/structor,https://github.com/react-ui-builder/structor,5532,react-components,2015-10-17 15:49:40+00:00,39,3.82,1.12
0,Y3Vyc29yOjEz,nteract/nteract,https://github.com/nteract/nteract,5489,react-components,2015-06-15 23:21:49+00:00,-1,40470.0,-1.0
0,Y3Vyc29yOjE0,rsuite/rsuite,https://github.com/rsuite/rsuite,5416,react-components,2016-06-06 02:27:46+00:00,-1,59591.0,-1.0
0,Y3Vyc29yOjE1,mobxjs/mobx-react,https://github.com/mobxjs/mobx-react,4717,react-components,2015-08-28 11:09:05+00:00,1,16.25,5.48
0,Y3Vyc29yOjE2,shakacode/react_on_rails,https://github.com/shakacode/react_on_rails,4697,react-components,2015-08-20 20:31:54+00:00,-1,70491.0,-1.0
0,Y3Vyc29yOjE3,adobe/react-spectrum,https://github.com/adobe/react-spectrum,4485,react-components,2019-09-13 23:32:51+00:00,2,3.01,1.3
0,Y3Vyc29yOjE4,appbaseio/reactivesearch,https://github.com/appbaseio/reactivesearch,4386,react-components,2017-02-15 15:21:24+00:00,-1,179187.0,-1.0
0,Y3Vyc29yOjE5,beautifulinteractions/beautiful-react-hooks,https://github.com/beautifulinteractions/beautiful-react-hooks,4262,react-components,2019-12-18 19:50:43+00:00,2,21.79,6.32
0,Y3Vyc29yOjIw,APSL/react-native-keyboard-aware-scroll-view,https://github.com/APSL/react-native-keyboard-aware-scroll-view,4154,react-components,2015-10-20 18:22:34+00:00,-1,374.0,-1.0
0,Y3Vyc29yOjIx,ant-design/ant-motion,https://github.com/ant-design/ant-motion,4115,react-components,2016-02-17 02:48:28+00:00,3,143.04,49.18
0,Y3Vyc29yOjIy,0wczar/airframe-react,https://github.com/0wczar/airframe-react,3500,react-components,2019-08-14 21:34:00+00:00,-1,4745.0,-1.0
0,Y3Vyc29yOjIz,lingui/js-lingui,https://github.com/lingui/js-lingui,3045,react-components,2017-01-17 17:26:46+00:00,-1,12688.0,-1.0
0,Y3Vyc29yOjI0,roylee0704/react-flexbox-grid,https://github.com/roylee0704/react-flexbox-grid,2811,react-components,2015-11-16 07:47:50+00:00,2,16.92,1.97
0,Y3Vyc29yOjI1,weui/react-weui,https://github.com/weui/react-weui,2761,react-components,2015-10-12 06:10:32+00:00,3,122.17,25.16
0,Y3Vyc29yOjI2,ElemeFE/element-react,https://github.com/ElemeFE/element-react,2614,react-components,2016-10-18 06:56:20+00:00,8,669.07,116.95
0,Y3Vyc29yOjI3,xiaolin/react-image-gallery,https://github.com/xiaolin/react-image-gallery,2595,react-components,2015-02-27 23:41:41+00:00,7,53.03,15.42
0,Y3Vyc29yOjI4,react-component/slider,https://github.com/react-component/slider,2474,react-components,2015-04-19 07:30:44+00:00,2,2.5,1.04
0,Y3Vyc29yOjI5,elrumordelaluz/reactour,https://github.com/elrumordelaluz/reactour,2276,react-components,2017-03-17 18:43:49+00:00,9,46.41,15.07
0,Y3Vyc29yOjMw,zhihu/griffith,https://github.com/zhihu/griffith,2150,react-components,2019-03-22 06:08:17+00:00,11,317.87,87.81
0,Y3Vyc29yOjMx,video-react/video-react,https://github.com/video-react/video-react,2098,react-components,2016-09-29 00:10:58+00:00,5,92.83,19.73
0,Y3Vyc29yOjMy,rcaferati/react-awesome-slider,https://github.com/rcaferati/react-awesome-slider,2068,react-components,2016-06-12 18:45:33+00:00,1,36.21,8.14
0,Y3Vyc29yOjMz,rnosov/react-reveal,https://github.com/rnosov/react-reveal,2042,react-components,2016-10-11 17:58:52+00:00,1,34.97,8.17
0,Y3Vyc29yOjM0,primefaces/primereact,https://github.com/primefaces/primereact,1948,react-components,2016-12-16 15:56:27+00:00,-1,31009.0,-1.0
0,Y3Vyc29yOjM1,tabler/tabler-react,https://github.com/tabler/tabler-react,1707,react-components,2018-04-12 21:32:09+00:00,3,145.11,40.08
0,Y3Vyc29yOjM2,geist-org/react,https://github.com/geist-org/react,1651,react-components,2020-03-18 17:14:17+00:00,2,6.96,2.84
0,Y3Vyc29yOjM3,DevExpress/devextreme-reactive,https://github.com/DevExpress/devextreme-reactive,1631,react-components,2017-03-17 07:10:12+00:00,-1,125481.0,-1.0
0,Y3Vyc29yOjM4,nexxtway/react-rainbow,https://github.com/nexxtway/react-rainbow,1550,react-components,2018-08-28 05:34:53+00:00,0,2.26,1.03
0,Y3Vyc29yOjM5,kentcdodds/advanced-react-patterns,https://github.com/kentcdodds/advanced-react-patterns,1517,react-components,2019-02-11 21:46:26+00:00,-1,2442.0,-1.0
0,Y3Vyc29yOjQw,siriwatknp/mui-treasury,https://github.com/siriwatknp/mui-treasury,1467,react-components,2019-03-11 16:21:23+00:00,10,504.98,146.64
0,Y3Vyc29yOjQx,beizhedenglong/rough-charts,https://github.com/beizhedenglong/rough-charts,1465,react-components,2019-10-04 05:19:54+00:00,6,82.72,26.59
0,Y3Vyc29yOjQy,react-cropper/react-cropper,https://github.com/react-cropper/react-cropper,1424,react-components,2015-05-06 06:32:36+00:00,1,39.05,12.63
0,Y3Vyc29yOjQz,feathericons/react-feather,https://github.com/feathericons/react-feather,1410,react-components,2017-06-14 11:01:13+00:00,1,356.95,25.55
0,Y3Vyc29yOjQ0,vazco/uniforms,https://github.com/vazco/uniforms,1380,react-components,2016-05-10 13:08:50+00:00,3,44.11,12.78
0,Y3Vyc29yOjQ1,myxvisual/react-uwp,https://github.com/myxvisual/react-uwp,1147,react-components,2017-01-09 04:20:58+00:00,14,526.99,129.62
0,Y3Vyc29yOjQ2,jaywcjlove/awesome-uikit,https://github.com/jaywcjlove/awesome-uikit,1139,react-components,2017-12-07 16:33:57+00:00,-1,867.0,-1.0
0,Y3Vyc29yOjQ3,jakubgarfield/expenses,https://github.com/jakubgarfield/expenses,1108,react-components,2017-06-06 04:53:58+00:00,4,300.0,190.0
0,Y3Vyc29yOjQ4,couds/react-bulma-components,https://github.com/couds/react-bulma-components,1023,react-components,2017-09-18 15:14:39+00:00,2,179.01,20.11
0,Y3Vyc29yOjQ5,gilbarbara/react-inlinesvg,https://github.com/gilbarbara/react-inlinesvg,957,react-components,2014-03-23 05:04:09+00:00,2,18.91,6.82
0,Y3Vyc29yOjUw,jrowny/react-absolute-grid,https://github.com/jrowny/react-absolute-grid,912,react-components,2015-06-11 20:02:58+00:00,0,40.81,10.94
0,Y3Vyc29yOjUx,CVarisco/create-component-app,https://github.com/CVarisco/create-component-app,879,react-components,2017-06-27 20:41:11+00:00,-1,25475.0,-1.0
0,Y3Vyc29yOjUy,thedevelobear/react-rewards,https://github.com/thedevelobear/react-rewards,863,react-components,2018-11-12 23:28:34+00:00,2,347.42,88.49
0,Y3Vyc29yOjUz,ZhongAnTech/zarm,https://github.com/ZhongAnTech/zarm,863,react-components,2016-07-13 11:45:37+00:00,9,377.69,91.05
0,Y3Vyc29yOjU0,wix/wix-style-react,https://github.com/wix/wix-style-react,802,react-components,2016-11-14 14:37:00+00:00,-1,30086.0,-1.0
0,Y3Vyc29yOjU1,anubhavsrivastava/awesome-ui-component-library,https://github.com/anubhavsrivastava/awesome-ui-component-library,705,react-components,2018-11-25 07:32:19+00:00,-1,240.0,-1.0
0,Y3Vyc29yOjU2,ukrbublik/react-awesome-query-builder,https://github.com/ukrbublik/react-awesome-query-builder,702,react-components,2017-07-26 12:07:17+00:00,10,628.34,149.67
0,Y3Vyc29yOjU3,seeden/react-facebook,https://github.com/seeden/react-facebook,670,react-components,2016-02-21 17:31:51+00:00,3,54.16,12.87
0,Y3Vyc29yOjU4,blueberryapps/react-bluekit,https://github.com/blueberryapps/react-bluekit,660,react-components,2015-11-24 13:17:51+00:00,17,1.61,423.04
0,Y3Vyc29yOjU5,stephane-monnot/react-vertical-timeline,https://github.com/stephane-monnot/react-vertical-timeline,645,react-components,2017-10-26 22:06:31+00:00,0,5.85,1.37
0,Y3Vyc29yOjYw,mbasso/react-decoration,https://github.com/mbasso/react-decoration,641,react-components,2016-09-27 20:59:55+00:00,1,20.37,3.9
0,Y3Vyc29yOjYx,pivotal-cf/pivotal-ui,https://github.com/pivotal-cf/pivotal-ui,638,react-components,2014-05-16 18:52:56+00:00,-1,91361.0,-1.0
0,Y3Vyc29yOjYy,sumup-oss/circuit-ui,https://github.com/sumup-oss/circuit-ui,635,react-components,2017-06-26 09:57:50+00:00,-1,17649.0,-1.0
0,Y3Vyc29yOjYz,kimmelsg/cj-upload,https://github.com/kimmelsg/cj-upload,588,react-components,2016-08-30 03:15:37+00:00,-1,860.0,-1.0
0,Y3Vyc29yOjY0,Detaysoft/react-chat-elements,https://github.com/Detaysoft/react-chat-elements,582,react-components,2017-07-30 18:46:29+00:00,7,142.09,27.66
0,Y3Vyc29yOjY1,digiaonline/react-foundation,https://github.com/digiaonline/react-foundation,573,react-components,2016-03-10 19:58:03+00:00,3,48.7,7.61
0,Y3Vyc29yOjY2,creativetimofficial/light-bootstrap-dashboard-react,https://github.com/creativetimofficial/light-bootstrap-dashboard-react,568,react-components,2017-09-19 14:03:33+00:00,-1,20358.0,-1.0
0,Y3Vyc29yOjY3,react-theming/storybook-addon-material-ui,https://github.com/react-theming/storybook-addon-material-ui,520,react-components,2016-09-13 08:30:16+00:00,6,8.11,2.64
0,Y3Vyc29yOjY4,infeng/react-viewer,https://github.com/infeng/react-viewer,505,react-components,2016-09-29 14:57:05+00:00,1,39.34,15.05
0,Y3Vyc29yOjY5,antvis/Graphin,https://github.com/antvis/Graphin,494,react-components,2019-11-06 13:15:50+00:00,1,10.56,3.67
0,Y3Vyc29yOjcw,craig1123/react-recipes,https://github.com/craig1123/react-recipes,469,react-components,2019-10-25 02:01:29+00:00,0,17.11,5.31
0,Y3Vyc29yOjcx,10086XIAOZHANG/CP-DESIGN,https://github.com/10086XIAOZHANG/CP-DESIGN,466,react-components,2020-03-15 15:42:12+00:00,-1,9917.0,-1.0
0,Y3Vyc29yOjcy,spotify/reactochart,https://github.com/spotify/reactochart,463,react-components,2016-01-07 20:58:18+00:00,6,370.89,100.94
0,Y3Vyc29yOjcz,patternfly/patternfly-react,https://github.com/patternfly/patternfly-react,463,react-components,2017-03-08 22:31:12+00:00,21,1.25,306.1
0,Y3Vyc29yOjc0,kulakowka/react-bulma,https://github.com/kulakowka/react-bulma,454,react-components,2017-05-30 21:04:25+00:00,-1,1689.0,-1.0
0,Y3Vyc29yOjc1,dsznajder/vscode-es7-javascript-react-snippets,https://github.com/dsznajder/vscode-es7-javascript-react-snippets,448,react-components,2017-06-07 18:52:04+00:00,-1,271.0,-1.0
0,Y3Vyc29yOjc2,strapi/buffet,https://github.com/strapi/buffet,435,react-components,2019-01-25 09:47:01+00:00,5,84.41,25.8
0,Y3Vyc29yOjc3,brandonmowat/react-chat-ui,https://github.com/brandonmowat/react-chat-ui,432,react-components,2016-08-22 14:11:11+00:00,1,6.48,1.85
0,Y3Vyc29yOjc4,cloudinary/cloudinary-react,https://github.com/cloudinary/cloudinary-react,431,react-components,2016-08-30 10:56:20+00:00,2,102.05,25.84
0,Y3Vyc29yOjc5,TroyAlford/react-jsx-parser,https://github.com/TroyAlford/react-jsx-parser,401,react-components,2017-01-30 00:28:31+00:00,6,221.88,65.52
0,Y3Vyc29yOjgw,instamobile/recipes-app-react-native,https://github.com/instamobile/recipes-app-react-native,397,react-components,2019-07-23 03:53:48+00:00,-1,332.0,-1.0
0,Y3Vyc29yOjgx,bem/bem-react,https://github.com/bem/bem-react,387,react-components,2016-06-01 16:16:02+00:00,-1,2479.0,-1.0
0,Y3Vyc29yOjgy,ayrton/react-key-handler,https://github.com/ayrton/react-key-handler,386,react-components,2016-02-27 20:27:48+00:00,3,5.88,2.52
0,Y3Vyc29yOjgz,ConsenSysMesh/rimble-ui,https://github.com/ConsenSysMesh/rimble-ui,372,react-components,2018-07-10 18:24:51+00:00,12,1.5,341.75
0,Y3Vyc29yOjg0,bmcmahen/sancho,https://github.com/bmcmahen/sancho,370,react-components,2019-02-25 20:50:06+00:00,33,424.63,90.9
0,Y3Vyc29yOjg1,XiaoMi/hiui,https://github.com/XiaoMi/hiui,369,react-components,2018-10-08 10:10:20+00:00,-1,113097.0,-1.0
0,Y3Vyc29yOjg2,dennismorello/react-awesome-reveal,https://github.com/dennismorello/react-awesome-reveal,369,react-components,2019-11-24 10:39:59+00:00,3,50.92,12.8
0,Y3Vyc29yOjg3,vortesnail/qier-player,https://github.com/vortesnail/qier-player,368,react-components,2019-10-14 12:54:21+00:00,7,107.8,33.42
0,Y3Vyc29yOjg4,iansinnott/react-string-replace,https://github.com/iansinnott/react-string-replace,362,react-components,2016-02-03 23:22:02+00:00,1,4.08,1.45
0,Y3Vyc29yOjg5,leefsmp/Re-Flex,https://github.com/leefsmp/Re-Flex,359,react-components,2016-12-21 06:49:31+00:00,5,65.89,21.85
0,Y3Vyc29yOjkw,sarneeh/reaptcha,https://github.com/sarneeh/reaptcha,331,react-components,2018-05-29 08:55:50+00:00,0,5.95,2.09
0,Y3Vyc29yOjkx,React-Scope/React-Scope,https://github.com/React-Scope/React-Scope,317,react-components,2018-01-20 18:50:49+00:00,0,1.81,906.0
0,Y3Vyc29yOjky,segunadebayo/chakra-ui,https://github.com/segunadebayo/chakra-ui,315,react-components,2019-06-06 23:07:21+00:00,17,279.59,89.02
0,Y3Vyc29yOjkz,wwwaiser/react-js-pagination,https://github.com/wwwaiser/react-js-pagination,310,react-components,2015-09-30 11:40:57+00:00,6,17.56,5.44
0,Y3Vyc29yOjk0,ibitcy/eo-locale,https://github.com/ibitcy/eo-locale,303,react-components,2018-05-10 13:59:53+00:00,1,5.17,1.79
0,Y3Vyc29yOjk1,avocode/react-shortcuts,https://github.com/avocode/react-shortcuts,302,react-components,2015-08-21 09:09:16+00:00,6,32.27,11.44
0,Y3Vyc29yOjk2,garrettmac/react-native-pagination,https://github.com/garrettmac/react-native-pagination,298,react-components,2017-07-17 16:41:59+00:00,-1,14175.0,-1.0
0,Y3Vyc29yOjk3,ruby-hyperloop/hyper-react,https://github.com/ruby-hyperloop/hyper-react,295,react-components,2016-06-09 18:24:04+00:00,0,439.0,268.0
0,Y3Vyc29yOjk4,twisty/formsy-react-components,https://github.com/twisty/formsy-react-components,290,react-components,2015-04-29 10:04:39+00:00,1,31.76,6.44
0,Y3Vyc29yOjk5,bcrumbs/reactackle,https://github.com/bcrumbs/reactackle,278,react-components,2017-06-15 17:17:16+00:00,27,610.34,109.25
0,Y3Vyc29yOjEwMA==,philipp-spiess/react-recomponent,https://github.com/philipp-spiess/react-recomponent,272,react-components,2018-06-02 13:05:01+00:00,0,1.53,639.0
0,Y3Vyc29yOjEwMQ==,pagarme/react-event-components,https://github.com/pagarme/react-event-components,271,react-components,2016-11-05 15:22:59+00:00,0,14.56,2.63
0,Y3Vyc29yOjEwMg==,JulienRioux/flawwwless-ui,https://github.com/JulienRioux/flawwwless-ui,265,react-components,2019-06-19 14:13:12+00:00,-1,8620.0,-1.0
0,Y3Vyc29yOjEwMw==,contiamo/operational-ui,https://github.com/contiamo/operational-ui,259,react-components,2017-08-02 11:44:17+00:00,-1,41063.0,-1.0
0,Y3Vyc29yOjEwNA==,adexin/spinners-react,https://github.com/adexin/spinners-react,257,react-components,2020-02-12 13:05:47+00:00,-1,567.0,-1.0
0,Y3Vyc29yOjEwNQ==,Esri/react-arcgis,https://github.com/Esri/react-arcgis,256,react-components,2017-03-17 19:06:37+00:00,-1,3587.0,-1.0
0,Y3Vyc29yOjEwNg==,coreui/coreui-react,https://github.com/coreui/coreui-react,255,react-components,2018-02-26 18:14:32+00:00,-1,3171.0,-1.0
0,Y3Vyc29yOjEwNw==,toomuchdesign/react-minimal-pie-chart,https://github.com/toomuchdesign/react-minimal-pie-chart,250,react-components,2017-03-13 11:35:57+00:00,-1,4288.0,-1.0
0,Y3Vyc29yOjEwOA==,alexeyraspopov/react-coroutine,https://github.com/alexeyraspopov/react-coroutine,248,react-components,2016-09-07 09:40:27+00:00,-1,164.0,-1.0
0,Y3Vyc29yOjEwOQ==,knightsj/GitHubPopular-SJ,https://github.com/knightsj/GitHubPopular-SJ,245,react-components,2017-08-29 02:31:37+00:00,-1,396.0,-1.0
0,Y3Vyc29yOjExMA==,lilactown/hx,https://github.com/lilactown/hx,240,react-components,2018-06-08 15:02:28+00:00,-1,630.0,-1.0
0,Y3Vyc29yOjExMQ==,manofit/React-Native_demo,https://github.com/manofit/React-Native_demo,239,react-components,2018-04-18 00:55:48+00:00,-1,1078.0,-1.0
0,Y3Vyc29yOjExMg==,juliancwirko/react-npm-boilerplate,https://github.com/juliancwirko/react-npm-boilerplate,227,react-components,2016-02-13 16:54:01+00:00,-1,7.0,-1.0
0,Y3Vyc29yOjExMw==,emortlock/tailwind-react-ui,https://github.com/emortlock/tailwind-react-ui,224,react-components,2018-08-10 06:19:43+00:00,-1,4048.0,-1.0
0,Y3Vyc29yOjExNA==,Yoshino-UI/Yoshino,https://github.com/Yoshino-UI/Yoshino,216,react-components,2018-03-25 08:00:14+00:00,-1,4227.0,-1.0
0,Y3Vyc29yOjExNQ==,creativetimofficial/notus-react,https://github.com/creativetimofficial/notus-react,212,react-components,2020-09-01 07:23:16+00:00,-1,9586.0,-1.0
0,Y3Vyc29yOjExNg==,worldzhao/react-ui-library-tutorial,https://github.com/worldzhao/react-ui-library-tutorial,204,react-components,2019-12-18 01:59:46+00:00,-1,3182.0,-1.0
0,Y3Vyc29yOjExNw==,Lodin/react-vtree,https://github.com/Lodin/react-vtree,203,react-components,2017-12-25 10:10:21+00:00,-1,6716.0,-1.0
0,Y3Vyc29yOjExOA==,jxnblk/nano-component,https://github.com/jxnblk/nano-component,202,react-components,2017-07-25 21:56:54+00:00,-1,650.0,-1.0
0,Y3Vyc29yOjExOQ==,aichbauer/styled-bootstrap-components,https://github.com/aichbauer/styled-bootstrap-components,196,react-components,2018-03-06 19:48:13+00:00,-1,6004.0,-1.0
0,Y3Vyc29yOjEyMA==,ice-lab/react-materials,https://github.com/ice-lab/react-materials,189,react-components,2019-04-02 13:14:12+00:00,-1,163725.0,-1.0
0,Y3Vyc29yOjEyMQ==,upmostly/modali,https://github.com/upmostly/modali,185,react-components,2019-04-04 10:50:27+00:00,-1,1604.0,-1.0
0,Y3Vyc29yOjEyMg==,sapegin/react-components,https://github.com/sapegin/react-components,182,react-components,2016-09-01 13:04:10+00:00,-1,26.0,-1.0
0,Y3Vyc29yOjEyMw==,enactjs/enact,https://github.com/enactjs/enact,180,react-components,2016-09-08 00:14:51+00:00,-1,25177.0,-1.0
0,Y3Vyc29yOjEyNA==,Flagsmith/react-native-performance-monitor,https://github.com/Flagsmith/react-native-performance-monitor,179,react-components,2020-02-10 20:54:35+00:00,-1,23463.0,-1.0
0,Y3Vyc29yOjEyNQ==,alexanderwallin/react-player-controls,https://github.com/alexanderwallin/react-player-controls,177,react-components,2016-06-10 10:19:54+00:00,-1,4202.0,-1.0
0,Y3Vyc29yOjEyNg==,syncfusion/ej2-react-ui-components,https://github.com/syncfusion/ej2-react-ui-components,170,react-components,2018-10-31 06:16:27+00:00,-1,6228.0,-1.0
0,Y3Vyc29yOjEyNw==,alibaba-fusion/materials,https://github.com/alibaba-fusion/materials,169,react-components,2018-06-29 06:24:31+00:00,-1,7971.0,-1.0
0,Y3Vyc29yOjEyOA==,cerner/terra-core,https://github.com/cerner/terra-core,167,react-components,2017-02-24 18:57:33+00:00,-1,207152.0,-1.0
0,Y3Vyc29yOjEyOQ==,ooade/react-rough,https://github.com/ooade/react-rough,164,react-components,2017-03-23 00:47:21+00:00,-1,1558.0,-1.0
0,Y3Vyc29yOjEzMA==,dmitrymorozoff/react-spinners-kit,https://github.com/dmitrymorozoff/react-spinners-kit,160,react-components,2018-09-16 13:01:41+00:00,-1,1191.0,-1.0
0,Y3Vyc29yOjEzMQ==,calibreapp/react-live-chat-loader,https://github.com/calibreapp/react-live-chat-loader,159,react-components,2019-07-09 01:30:00+00:00,-1,2953.0,-1.0
0,Y3Vyc29yOjEzMg==,KaiHotz/react-formik-ui,https://github.com/KaiHotz/react-formik-ui,155,react-components,2018-06-03 13:20:33+00:00,-1,22167.0,-1.0
0,Y3Vyc29yOjEzMw==,xDae/styled-bootstrap,https://github.com/xDae/styled-bootstrap,154,react-components,2017-05-21 16:12:06+00:00,-1,10663.0,-1.0
0,Y3Vyc29yOjEzNA==,shine-design/shine-design,https://github.com/shine-design/shine-design,154,react-components,2018-08-29 15:50:54+00:00,-1,12645.0,-1.0
0,Y3Vyc29yOjEzNQ==,rajinwonderland/react-code-blocks,https://github.com/rajinwonderland/react-code-blocks,151,react-components,2019-05-06 06:18:03+00:00,-1,2445.0,-1.0
0,Y3Vyc29yOjEzNg==,prometheusresearch-archive/react-stylesheet,https://github.com/prometheusresearch-archive/react-stylesheet,150,react-components,2015-09-04 10:00:32+00:00,-1,670.0,-1.0
0,Y3Vyc29yOjEzNw==,atlassian/extract-react-types,https://github.com/atlassian/extract-react-types,150,react-components,2017-08-29 01:43:22+00:00,-1,2251.0,-1.0
0,Y3Vyc29yOjEzOA==,SAP/fundamental-react,https://github.com/SAP/fundamental-react,150,react-components,2018-09-07 18:43:00+00:00,-1,100651.0,-1.0
0,Y3Vyc29yOjEzOQ==,Metroxe/react-border-wrapper,https://github.com/Metroxe/react-border-wrapper,147,react-components,2019-03-16 01:39:34+00:00,-1,2992.0,-1.0
0,Y3Vyc29yOjE0MA==,One-Nexus/Synergy,https://github.com/One-Nexus/Synergy,146,react-components,2015-07-21 22:58:45+00:00,-1,2855.0,-1.0
0,Y3Vyc29yOjE0MQ==,contentful/forma-36,https://github.com/contentful/forma-36,142,react-components,2018-10-19 13:00:05+00:00,-1,16858.0,-1.0
0,Y3Vyc29yOjE0Mg==,pierreericgarcia/react-step-progress-bar,https://github.com/pierreericgarcia/react-step-progress-bar,140,react-components,2018-08-21 17:01:19+00:00,-1,2527.0,-1.0
0,Y3Vyc29yOjE0Mg==,pierreericgarcia/react-step-progress-bar,https://github.com/pierreericgarcia/react-step-progress-bar,140,react-components,2018-08-21 17:01:19+00:00,-1,2527.0,-1.0
0,Y3Vyc29yOjE0Mw==,brainly/style-guide,https://github.com/brainly/style-guide,139,react-components,2015-06-18 13:12:08+00:00,-1,17973.0,-1.0
0,Y3Vyc29yOjE0NA==,vtex/styleguide,https://github.com/vtex/styleguide,138,react-components,2017-04-20 15:28:03+00:00,-1,88794.0,-1.0
0,Y3Vyc29yOjE0NQ==,NorthwoodsSoftware/gojs-react,https://github.com/NorthwoodsSoftware/gojs-react,137,react-components,2019-10-21 17:43:14+00:00,-1,183.0,-1.0
0,Y3Vyc29yOjE0Ng==,blakeembrey/react-free-style,https://github.com/blakeembrey/react-free-style,135,react-components,2015-03-14 20:53:49+00:00,-1,1977.0,-1.0
0,Y3Vyc29yOjE0Nw==,codegeous/react-component-depot,https://github.com/codegeous/react-component-depot,132,react-components,2020-04-18 19:05:42+00:00,-1,2924.0,-1.0
0,Y3Vyc29yOjE0OA==,TechniqueSoftware/react-json-schema,https://github.com/TechniqueSoftware/react-json-schema,131,react-components,2015-10-01 18:11:24+00:00,-1,673.0,-1.0
0,Y3Vyc29yOjE0OQ==,martinnov92/React-Splitters,https://github.com/martinnov92/React-Splitters,130,react-components,2017-02-25 09:35:07+00:00,-1,2167.0,-1.0
0,Y3Vyc29yOjE1MA==,RD17/react-trumbowyg,https://github.com/RD17/react-trumbowyg,130,react-components,2016-11-09 18:18:57+00:00,-1,368.0,-1.0
0,Y3Vyc29yOjE1MQ==,kitten/rxjs-diagrams,https://github.com/kitten/rxjs-diagrams,126,react-components,2017-01-10 00:19:44+00:00,-1,1319.0,-1.0
0,Y3Vyc29yOjE1Mg==,kensho-technologies/orama,https://github.com/kensho-technologies/orama,125,react-components,2017-05-12 14:14:11+00:00,-1,2986.0,-1.0
0,Y3Vyc29yOjE1Mw==,imranhsayed/react-workshop,https://github.com/imranhsayed/react-workshop,124,react-components,2019-04-07 16:00:41+00:00,-1,22438.0,-1.0
0,Y3Vyc29yOjE1NA==,bentaylor2/react-structured-data,https://github.com/bentaylor2/react-structured-data,122,react-components,2017-12-13 21:34:59+00:00,-1,459.0,-1.0
0,Y3Vyc29yOjE1NQ==,brainhubeu/gatsby-docs-kit,https://github.com/brainhubeu/gatsby-docs-kit,120,react-components,2018-06-11 11:49:00+00:00,-1,6319.0,-1.0
0,Y3Vyc29yOjE1Ng==,shuiRong/Gakki,https://github.com/shuiRong/Gakki,119,react-components,2018-12-14 15:15:02+00:00,-1,12925.0,-1.0
0,Y3Vyc29yOjE1Nw==,fluent-org/fluent-windows,https://github.com/fluent-org/fluent-windows,119,react-components,2019-07-14 10:33:02+00:00,-1,6179.0,-1.0
0,Y3Vyc29yOjE1OA==,u-wave/react-vimeo,https://github.com/u-wave/react-vimeo,118,react-components,2017-04-24 18:58:06+00:00,-1,508.0,-1.0
0,Y3Vyc29yOjE1OQ==,Merri/react-lazy,https://github.com/Merri/react-lazy,118,react-components,2015-07-27 16:23:28+00:00,-1,1520.0,-1.0
0,Y3Vyc29yOjE2MA==,sanity-io/block-content-to-react,https://github.com/sanity-io/block-content-to-react,117,react-components,2017-06-08 07:02:33+00:00,-1,778.0,-1.0
0,Y3Vyc29yOjE2MQ==,callstack/component-docs,https://github.com/callstack/component-docs,117,react-components,2016-12-04 10:34:26+00:00,-1,1817.0,-1.0
0,Y3Vyc29yOjE2Mg==,intellidev1991/react-native-image-slider-box,https://github.com/intellidev1991/react-native-image-slider-box,117,react-components,2019-07-31 13:58:08+00:00,-1,976.0,-1.0
0,Y3Vyc29yOjE2Mw==,felangel/bloc.js,https://github.com/felangel/bloc.js,116,react-components,2019-08-11 05:01:32+00:00,-1,2611.0,-1.0
0,Y3Vyc29yOjE2NA==,binbytes/react-native-firebase-chat,https://github.com/binbytes/react-native-firebase-chat,114,react-components,2018-12-11 14:44:03+00:00,-1,1169.0,-1.0
0,Y3Vyc29yOjE2NQ==,heartexlabs/label-studio-frontend,https://github.com/heartexlabs/label-studio-frontend,113,react-components,2020-01-08 13:45:26+00:00,-1,43815.0,-1.0
0,Y3Vyc29yOjE2Nw==,Turkyden/react-darkreader,https://github.com/Turkyden/react-darkreader,109,react-components,2020-11-24 03:53:25+00:00,-1,3595.0,-1.0
0,Y3Vyc29yOjE2OA==,yahoo/jafar,https://github.com/yahoo/jafar,107,react-components,2020-01-02 17:09:18+00:00,-1,42426.0,-1.0
0,Y3Vyc29yOjE2OQ==,Talend/ui,https://github.com/Talend/ui,107,react-components,2017-01-18 13:45:58+00:00,-1,67845.0,-1.0
0,Y3Vyc29yOjE3MQ==,tranbathanhtung/re-jok,https://github.com/tranbathanhtung/re-jok,101,react-components,2018-05-24 13:59:11+00:00,-1,1059.0,-1.0
0,Y3Vyc29yOjE3Mg==,dataformsjs/dataformsjs,https://github.com/dataformsjs/dataformsjs,100,react-components,2019-11-14 23:51:35+00:00,-1,4334.0,-1.0
0,Y3Vyc29yOjE3Mw==,bezkoder/react-jwt-auth,https://github.com/bezkoder/react-jwt-auth,98,react-components,2020-04-29 23:26:17+00:00,-1,2081.0,-1.0
0,Y3Vyc29yOjE3NA==,K-G-PRAJWAL/ReactJS-Projects,https://github.com/K-G-PRAJWAL/ReactJS-Projects,98,react-components,2020-04-10 05:39:01+00:00,-1,9096.0,-1.0
0,Y3Vyc29yOjE3NQ==,HBM/md-components,https://github.com/HBM/md-components,97,react-components,2016-07-08 14:50:46+00:00,-1,22329.0,-1.0
0,Y3Vyc29yOjE3Ng==,paljs/ui,https://github.com/paljs/ui,96,react-components,2019-02-12 07:57:04+00:00,-1,6006.0,-1.0
0,Y3Vyc29yOjE3Nw==,opentok/opentok-react,https://github.com/opentok/opentok-react,95,react-components,2016-11-07 07:05:27+00:00,-1,744.0,-1.0
0,Y3Vyc29yOjE3OA==,Doist/reactist,https://github.com/Doist/reactist,95,react-components,2015-09-29 08:36:20+00:00,-1,72564.0,-1.0
0,Y3Vyc29yOjE3OQ==,thoughtbot/breezy,https://github.com/thoughtbot/breezy,94,react-components,2016-10-31 01:24:11+00:00,-1,1449.0,-1.0
0,Y3Vyc29yOjE4MA==,oslabs-beta/react-pinpoint,https://github.com/oslabs-beta/react-pinpoint,93,react-components,2020-07-25 15:43:06+00:00,-1,803.0,-1.0
0,Y3Vyc29yOjE4MQ==,chadpaulson/react-cassette-player,https://github.com/chadpaulson/react-cassette-player,93,react-components,2014-12-11 14:52:27+00:00,-1,436.0,-1.0
0,Y3Vyc29yOjE4Mg==,chinmaymahajan/Registration-and-Login-using-MERN-stack,https://github.com/chinmaymahajan/Registration-and-Login-using-MERN-stack,92,react-components,2019-02-01 23:59:05+00:00,-1,30532.0,-1.0
0,Y3Vyc29yOjE4Mw==,jerolimov/react-showdown,https://github.com/jerolimov/react-showdown,89,react-components,2015-12-02 00:59:57+00:00,-1,503.0,-1.0
0,Y3Vyc29yOjE4NA==,fus-marcom/resource-center,https://github.com/fus-marcom/resource-center,87,react-components,2017-07-20 18:47:19+00:00,-1,1806.0,-1.0
0,Y3Vyc29yOjE4NQ==,gfazioli/react-switch-button,https://github.com/gfazioli/react-switch-button,86,react-components,2015-02-24 11:30:22+00:00,-1,4025.0,-1.0
0,Y3Vyc29yOjE4Ng==,macku/jest-puppe-shots,https://github.com/macku/jest-puppe-shots,85,react-components,2018-02-04 22:04:33+00:00,-1,209.0,-1.0
0,Y3Vyc29yOjE4Nw==,based-ghost/react-functional-select,https://github.com/based-ghost/react-functional-select,85,react-components,2019-10-21 02:54:11+00:00,-1,44895.0,-1.0
0,Y3Vyc29yOjE4OA==,walkframe/react-gridsheet,https://github.com/walkframe/react-gridsheet,84,react-components,2020-09-22 13:37:11+00:00,-1,919.0,-1.0
0,Y3Vyc29yOjE4OQ==,paljs/nextjs-admin-template,https://github.com/paljs/nextjs-admin-template,83,react-components,2020-10-11 08:04:50+00:00,-1,2405.0,-1.0
0,Y3Vyc29yOjE5MA==,mrsaeeddev/neumorphic-ui,https://github.com/mrsaeeddev/neumorphic-ui,82,react-components,2019-12-30 13:17:17+00:00,-1,2559.0,-1.0
0,Y3Vyc29yOjE5MQ==,kodi24fever/reactjs-portfolio,https://github.com/kodi24fever/reactjs-portfolio,81,react-components,2019-03-22 14:50:50+00:00,-1,34299.0,-1.0
0,Y3Vyc29yOjE5Mg==,repetere/jsonx,https://github.com/repetere/jsonx,81,react-components,2018-01-10 14:07:12+00:00,-1,30380.0,-1.0
0,Y3Vyc29yOjE5Mw==,jktzes/humaaans,https://github.com/jktzes/humaaans,80,react-components,2019-01-08 10:56:45+00:00,-1,1580.0,-1.0
0,Y3Vyc29yOjE5NQ==,Haixiang6123/guitar-editor,https://github.com/Haixiang6123/guitar-editor,77,react-components,2018-03-12 00:38:29+00:00,-1,2811.0,-1.0
0,Y3Vyc29yOjE5Ng==,tundra-code/aurora,https://github.com/tundra-code/aurora,77,react-components,2017-07-08 04:17:45+00:00,-1,3865.0,-1.0
0,Y3Vyc29yOjE5Nw==,DrChai/react-native-rheostat,https://github.com/DrChai/react-native-rheostat,77,react-components,2018-08-07 04:05:42+00:00,-1,3391.0,-1.0
0,Y3Vyc29yOjE5OA==,flyfloor/react-component,https://github.com/flyfloor/react-component,77,react-components,2015-10-04 05:04:25+00:00,-1,4021.0,-1.0
0,Y3Vyc29yOjE5OQ==,saulhoward/react-evil-icons,https://github.com/saulhoward/react-evil-icons,75,react-components,2015-02-14 21:49:52+00:00,-1,14.0,-1.0
0,Y3Vyc29yOjIwMA==,lucasconstantino/react-policies,https://github.com/lucasconstantino/react-policies,74,react-components,2016-07-24 19:40:23+00:00,-1,162.0,-1.0
0,Y3Vyc29yOjIwMQ==,the0neWhoKnocks/boilerplate.react.spa.full-server,https://github.com/the0neWhoKnocks/boilerplate.react.spa.full-server,72,react-components,2018-06-18 16:16:15+00:00,-1,573.0,-1.0
0,Y3Vyc29yOjIwMg==,ticky/markdown-component-loader,https://github.com/ticky/markdown-component-loader,71,react-components,2016-10-17 06:25:48+00:00,-1,19629.0,-1.0
0,Y3Vyc29yOjIwMw==,Merri/react-tabbordion,https://github.com/Merri/react-tabbordion,71,react-components,2015-06-24 19:32:18+00:00,-1,1244.0,-1.0
0,Y3Vyc29yOjIwNA==,xavierlefevre/shared-react-components-example,https://github.com/xavierlefevre/shared-react-components-example,68,react-components,2019-03-26 12:24:52+00:00,-1,6413.0,-1.0
0,Y3Vyc29yOjIwNQ==,CVarisco/delete-react-zombies,https://github.com/CVarisco/delete-react-zombies,68,react-components,2018-02-20 08:26:01+00:00,-1,5723.0,-1.0
0,Y3Vyc29yOjIwNg==,necinc/msvgc,https://github.com/necinc/msvgc,67,react-components,2016-11-09 12:57:51+00:00,-1,54.0,-1.0
0,Y3Vyc29yOjIwNw==,SUI-Components/sui-components,https://github.com/SUI-Components/sui-components,67,react-components,2016-11-25 10:36:34+00:00,-1,8820.0,-1.0
0,Y3Vyc29yOjIwOA==,denisraslov/snappify,https://github.com/denisraslov/snappify,65,react-components,2018-03-14 10:29:13+00:00,-1,132.0,-1.0
0,Y3Vyc29yOjIwOQ==,liferay-design/liferay.design,https://github.com/liferay-design/liferay.design,65,react-components,2017-12-19 21:55:44+00:00,-1,786633.0,-1.0
0,Y3Vyc29yOjIxMA==,GetAmbassador/react-ions,https://github.com/GetAmbassador/react-ions,65,react-components,2016-04-06 14:11:38+00:00,-1,6409.0,-1.0
0,Y3Vyc29yOjIxMQ==,PlatziDev/socket.io-react,https://github.com/PlatziDev/socket.io-react,64,react-components,2016-03-18 21:13:38+00:00,-1,34.0,-1.0
0,Y3Vyc29yOjIxMg==,PlatziDev/pulse-editor,https://github.com/PlatziDev/pulse-editor,64,react-components,2017-05-07 20:26:13+00:00,-1,66.0,-1.0
0,Y3Vyc29yOjIxMw==,trendmicro-frontend/styled-ui,https://github.com/trendmicro-frontend/styled-ui,62,react-components,2020-01-18 01:12:04+00:00,-1,3343.0,-1.0
0,Y3Vyc29yOjIxNA==,ZitRos/react-xmasonry,https://github.com/ZitRos/react-xmasonry,62,react-components,2017-03-10 19:54:03+00:00,-1,1119.0,-1.0
0,Y3Vyc29yOjIxNQ==,treyhuffine/lightbox-react,https://github.com/treyhuffine/lightbox-react,61,react-components,2017-05-15 23:15:13+00:00,-1,1765.0,-1.0
0,Y3Vyc29yOjIxNg==,alexandr-g/cra-template-typescript-redux,https://github.com/alexandr-g/cra-template-typescript-redux,61,react-components,2020-01-14 22:25:23+00:00,-1,3927.0,-1.0
0,Y3Vyc29yOjIxNw==,jalbertsr/react-movies-app,https://github.com/jalbertsr/react-movies-app,61,react-components,2017-10-13 20:58:04+00:00,-1,1193.0,-1.0
0,Y3Vyc29yOjIxOA==,Trendyol/quarkify,https://github.com/Trendyol/quarkify,61,react-components,2019-06-26 13:02:33+00:00,-1,13954.0,-1.0
0,Y3Vyc29yOjIyMA==,SparkPost/matchbox,https://github.com/SparkPost/matchbox,60,react-components,2017-05-11 21:05:30+00:00,-1,41153.0,-1.0
0,Y3Vyc29yOjIyMQ==,michal-wrzosek/react-component-lib,https://github.com/michal-wrzosek/react-component-lib,59,react-components,2019-03-21 21:52:03+00:00,-1,835.0,-1.0
0,Y3Vyc29yOjIyMg==,react-spectre/react-spectre,https://github.com/react-spectre/react-spectre,59,react-components,2018-01-02 22:31:54+00:00,-1,1964.0,-1.0
0,Y3Vyc29yOjIyMw==,cerner/terra-clinical,https://github.com/cerner/terra-clinical,59,react-components,2017-04-05 17:02:58+00:00,-1,170325.0,-1.0
0,Y3Vyc29yOjIyNA==,rafal-r/airr-react,https://github.com/rafal-r/airr-react,59,react-components,2017-08-25 16:54:16+00:00,-1,4414.0,-1.0
0,Y3Vyc29yOjIyNQ==,fortunar/react-sidemenu,https://github.com/fortunar/react-sidemenu,58,react-components,2016-07-09 17:28:02+00:00,-1,3884.0,-1.0
0,Y3Vyc29yOjIyNg==,cerner/terra-framework,https://github.com/cerner/terra-framework,58,react-components,2017-10-20 20:43:46+00:00,-1,236924.0,-1.0
0,Y3Vyc29yOjIyNw==,mbasso/react-cssom,https://github.com/mbasso/react-cssom,57,react-components,2017-01-07 15:11:26+00:00,-1,866.0,-1.0
