,cursor,name_with_owner,name,url,stargazer_count,issue_close_median,topic
0,Y3Vyc29yOjE=,mui-org/material-ui,material-ui,https://github.com/mui-org/material-ui,67121,120.0,react-components
1,Y3Vyc29yOjI=,brillout/awesome-react-components,awesome-react-components,https://github.com/brillout/awesome-react-components,26355,72.0,react-components
2,Y3Vyc29yOjM=,bvaughn/react-virtualized,react-virtualized,https://github.com/bvaughn/react-virtualized,21352,12.0,react-components
3,Y3Vyc29yOjQ=,enzymejs/enzyme,enzyme,https://github.com/enzymejs/enzyme,19466,204.0,react-components
4,Y3Vyc29yOjU=,necolas/react-native-web,react-native-web,https://github.com/necolas/react-native-web,18490,1548.0,react-components
5,Y3Vyc29yOjY=,chakra-ui/chakra-ui,chakra-ui,https://github.com/chakra-ui/chakra-ui,16473,96.0,react-components
6,Y3Vyc29yOjc=,Semantic-Org/Semantic-UI-React,Semantic-UI-React,https://github.com/Semantic-Org/Semantic-UI-React,12162,1152.0,react-components
7,Y3Vyc29yOjg=,microsoft/fluentui,fluentui,https://github.com/microsoft/fluentui,11142,984.0,react-components
8,Y3Vyc29yOjk=,ant-design/ant-design-mobile,ant-design-mobile,https://github.com/ant-design/ant-design-mobile,8755,48.0,react-components
9,Y3Vyc29yOjEw,rebassjs/rebass,rebass,https://github.com/rebassjs/rebass,7209,744.0,react-components
10,Y3Vyc29yOjEx,uber/baseweb,baseweb,https://github.com/uber/baseweb,6185,396.0,react-components
11,Y3Vyc29yOjEy,react-ui-builder/structor,structor,https://github.com/react-ui-builder/structor,5530,24.0,react-components
12,Y3Vyc29yOjEz,nteract/nteract,nteract,https://github.com/nteract/nteract,5466,732.0,react-components
13,Y3Vyc29yOjE0,rsuite/rsuite,rsuite,https://github.com/rsuite/rsuite,5368,96.0,react-components
14,Y3Vyc29yOjE1,mobxjs/mobx-react,mobx-react,https://github.com/mobxjs/mobx-react,4718,120.0,react-components
15,Y3Vyc29yOjE2,shakacode/react_on_rails,react_on_rails,https://github.com/shakacode/react_on_rails,4687,144.0,react-components
16,Y3Vyc29yOjE3,adobe/react-spectrum,react-spectrum,https://github.com/adobe/react-spectrum,4446,156.0,react-components
17,Y3Vyc29yOjE4,appbaseio/reactivesearch,reactivesearch,https://github.com/appbaseio/reactivesearch,4374,324.0,react-components
18,Y3Vyc29yOjE5,beautifulinteractions/beautiful-react-hooks,beautiful-react-hooks,https://github.com/beautifulinteractions/beautiful-react-hooks,4188,72.0,react-components
19,Y3Vyc29yOjIw,APSL/react-native-keyboard-aware-scroll-view,react-native-keyboard-aware-scroll-view,https://github.com/APSL/react-native-keyboard-aware-scroll-view,4139,264.0,react-components
20,Y3Vyc29yOjIx,ant-design/ant-motion,ant-motion,https://github.com/ant-design/ant-motion,4097,144.0,react-components
21,Y3Vyc29yOjIy,0wczar/airframe-react,airframe-react,https://github.com/0wczar/airframe-react,3489,360.0,react-components
22,Y3Vyc29yOjIz,lingui/js-lingui,js-lingui,https://github.com/lingui/js-lingui,3030,228.0,react-components
23,Y3Vyc29yOjI0,roylee0704/react-flexbox-grid,react-flexbox-grid,https://github.com/roylee0704/react-flexbox-grid,2809,252.0,react-components
24,Y3Vyc29yOjI1,weui/react-weui,react-weui,https://github.com/weui/react-weui,2758,828.0,react-components
25,Y3Vyc29yOjI2,ElemeFE/element-react,element-react,https://github.com/ElemeFE/element-react,2608,144.0,react-components
26,Y3Vyc29yOjI3,xiaolin/react-image-gallery,react-image-gallery,https://github.com/xiaolin/react-image-gallery,2572,60.0,react-components
27,Y3Vyc29yOjI4,react-component/slider,slider,https://github.com/react-component/slider,2458,72.0,react-components
28,Y3Vyc29yOjI5,elrumordelaluz/reactour,reactour,https://github.com/elrumordelaluz/reactour,2245,60.0,react-components
29,Y3Vyc29yOjMw,zhihu/griffith,griffith,https://github.com/zhihu/griffith,2141,24.0,react-components
30,Y3Vyc29yOjMx,rcaferati/react-awesome-slider,react-awesome-slider,https://github.com/rcaferati/react-awesome-slider,2052,204.0,react-components
31,Y3Vyc29yOjMy,video-react/video-react,video-react,https://github.com/video-react/video-react,2045,96.0,react-components
32,Y3Vyc29yOjMz,rnosov/react-reveal,react-reveal,https://github.com/rnosov/react-reveal,2024,24.0,react-components
33,Y3Vyc29yOjM0,primefaces/primereact,primereact,https://github.com/primefaces/primereact,1930,0.0,react-components
34,Y3Vyc29yOjM1,tabler/tabler-react,tabler-react,https://github.com/tabler/tabler-react,1693,96.0,react-components
35,Y3Vyc29yOjM2,DevExpress/devextreme-reactive,devextreme-reactive,https://github.com/DevExpress/devextreme-reactive,1623,300.0,react-components
36,Y3Vyc29yOjM3,geist-org/react,react,https://github.com/geist-org/react,1609,0.0,react-components
37,Y3Vyc29yOjM4,nexxtway/react-rainbow,react-rainbow,https://github.com/nexxtway/react-rainbow,1544,48.0,react-components
38,Y3Vyc29yOjM5,kentcdodds/advanced-react-patterns,advanced-react-patterns,https://github.com/kentcdodds/advanced-react-patterns,1485,0.0,react-components
39,Y3Vyc29yOjQw,beizhedenglong/rough-charts,rough-charts,https://github.com/beizhedenglong/rough-charts,1465,2808.0,react-components
40,Y3Vyc29yOjQx,siriwatknp/mui-treasury,mui-treasury,https://github.com/siriwatknp/mui-treasury,1445,72.0,react-components
41,Y3Vyc29yOjQy,react-cropper/react-cropper,react-cropper,https://github.com/react-cropper/react-cropper,1415,11568.0,react-components
42,Y3Vyc29yOjQz,feathericons/react-feather,react-feather,https://github.com/feathericons/react-feather,1386,168.0,react-components
43,Y3Vyc29yOjQ0,vazco/uniforms,uniforms,https://github.com/vazco/uniforms,1372,24.0,react-components
44,Y3Vyc29yOjQ1,myxvisual/react-uwp,react-uwp,https://github.com/myxvisual/react-uwp,1145,108.0,react-components
45,Y3Vyc29yOjQ2,jaywcjlove/awesome-uikit,awesome-uikit,https://github.com/jaywcjlove/awesome-uikit,1137,0.0,react-components
46,Y3Vyc29yOjQ3,jakubgarfield/expenses,expenses,https://github.com/jakubgarfield/expenses,1105,24.0,react-components
47,Y3Vyc29yOjQ4,couds/react-bulma-components,react-bulma-components,https://github.com/couds/react-bulma-components,1016,84.0,react-components
48,Y3Vyc29yOjQ5,gilbarbara/react-inlinesvg,react-inlinesvg,https://github.com/gilbarbara/react-inlinesvg,956,300.0,react-components
49,Y3Vyc29yOjUw,jrowny/react-absolute-grid,react-absolute-grid,https://github.com/jrowny/react-absolute-grid,910,1740.0,react-components
50,Y3Vyc29yOjUx,CVarisco/create-component-app,create-component-app,https://github.com/CVarisco/create-component-app,879,48.0,react-components
51,Y3Vyc29yOjUy,thedevelobear/react-rewards,react-rewards,https://github.com/thedevelobear/react-rewards,857,1008.0,react-components
52,Y3Vyc29yOjUz,ZhongAnTech/zarm,zarm,https://github.com/ZhongAnTech/zarm,829,48.0,react-components
53,Y3Vyc29yOjU0,wix/wix-style-react,wix-style-react,https://github.com/wix/wix-style-react,800,540.0,react-components
54,Y3Vyc29yOjU1,anubhavsrivastava/awesome-ui-component-library,awesome-ui-component-library,https://github.com/anubhavsrivastava/awesome-ui-component-library,704,0.0,react-components
55,Y3Vyc29yOjU2,ukrbublik/react-awesome-query-builder,react-awesome-query-builder,https://github.com/ukrbublik/react-awesome-query-builder,690,480.0,react-components
56,Y3Vyc29yOjU3,seeden/react-facebook,react-facebook,https://github.com/seeden/react-facebook,664,588.0,react-components
57,Y3Vyc29yOjU4,blueberryapps/react-bluekit,react-bluekit,https://github.com/blueberryapps/react-bluekit,658,24.0,react-components
58,Y3Vyc29yOjU5,mbasso/react-decoration,react-decoration,https://github.com/mbasso/react-decoration,641,96.0,react-components
59,Y3Vyc29yOjYw,stephane-monnot/react-vertical-timeline,react-vertical-timeline,https://github.com/stephane-monnot/react-vertical-timeline,639,120.0,react-components
60,Y3Vyc29yOjYx,pivotal-cf/pivotal-ui,pivotal-ui,https://github.com/pivotal-cf/pivotal-ui,637,1200.0,react-components
61,Y3Vyc29yOjYy,sumup-oss/circuit-ui,circuit-ui,https://github.com/sumup-oss/circuit-ui,629,2556.0,react-components
62,Y3Vyc29yOjYz,kimmelsg/cj-upload,cj-upload,https://github.com/kimmelsg/cj-upload,588,0.0,react-components
63,Y3Vyc29yOjY0,Detaysoft/react-chat-elements,react-chat-elements,https://github.com/Detaysoft/react-chat-elements,574,36.0,react-components
64,Y3Vyc29yOjY1,digiaonline/react-foundation,react-foundation,https://github.com/digiaonline/react-foundation,573,336.0,react-components
65,Y3Vyc29yOjY2,creativetimofficial/light-bootstrap-dashboard-react,light-bootstrap-dashboard-react,https://github.com/creativetimofficial/light-bootstrap-dashboard-react,564,624.0,react-components
66,Y3Vyc29yOjY3,react-theming/storybook-addon-material-ui,storybook-addon-material-ui,https://github.com/react-theming/storybook-addon-material-ui,513,240.0,react-components
67,Y3Vyc29yOjY4,infeng/react-viewer,react-viewer,https://github.com/infeng/react-viewer,505,48.0,react-components
68,Y3Vyc29yOjY5,antvis/Graphin,Graphin,https://github.com/antvis/Graphin,488,840.0,react-components
69,Y3Vyc29yOjcw,10086XIAOZHANG/CP-DESIGN,CP-DESIGN,https://github.com/10086XIAOZHANG/CP-DESIGN,465,0.0,react-components
70,Y3Vyc29yOjcx,spotify/reactochart,reactochart,https://github.com/spotify/reactochart,462,1920.0,react-components
71,Y3Vyc29yOjcy,craig1123/react-recipes,react-recipes,https://github.com/craig1123/react-recipes,460,12.0,react-components
72,Y3Vyc29yOjcz,patternfly/patternfly-react,patternfly-react,https://github.com/patternfly/patternfly-react,455,1368.0,react-components
73,Y3Vyc29yOjc0,kulakowka/react-bulma,react-bulma,https://github.com/kulakowka/react-bulma,450,0.0,react-components
74,Y3Vyc29yOjc1,dsznajder/vscode-es7-javascript-react-snippets,vscode-es7-javascript-react-snippets,https://github.com/dsznajder/vscode-es7-javascript-react-snippets,444,48.0,react-components
75,Y3Vyc29yOjc2,brandonmowat/react-chat-ui,react-chat-ui,https://github.com/brandonmowat/react-chat-ui,429,564.0,react-components
76,Y3Vyc29yOjc3,cloudinary/cloudinary-react,cloudinary-react,https://github.com/cloudinary/cloudinary-react,429,1416.0,react-components
77,Y3Vyc29yOjc4,strapi/buffet,buffet,https://github.com/strapi/buffet,423,636.0,react-components
78,Y3Vyc29yOjc5,TroyAlford/react-jsx-parser,react-jsx-parser,https://github.com/TroyAlford/react-jsx-parser,398,120.0,react-components
79,Y3Vyc29yOjgw,instamobile/recipes-app-react-native,recipes-app-react-native,https://github.com/instamobile/recipes-app-react-native,393,3336.0,react-components
80,Y3Vyc29yOjgx,ayrton/react-key-handler,react-key-handler,https://github.com/ayrton/react-key-handler,386,240.0,react-components
81,Y3Vyc29yOjgy,bem/bem-react,bem-react,https://github.com/bem/bem-react,383,360.0,react-components
82,Y3Vyc29yOjgz,XiaoMi/hiui,hiui,https://github.com/XiaoMi/hiui,367,1416.0,react-components
83,Y3Vyc29yOjg0,bmcmahen/sancho,sancho,https://github.com/bmcmahen/sancho,367,60.0,react-components
84,Y3Vyc29yOjg1,vortesnail/qier-player,qier-player,https://github.com/vortesnail/qier-player,366,0.0,react-components
85,Y3Vyc29yOjg2,iansinnott/react-string-replace,react-string-replace,https://github.com/iansinnott/react-string-replace,361,60.0,react-components
86,Y3Vyc29yOjg3,ConsenSysMesh/rimble-ui,rimble-ui,https://github.com/ConsenSysMesh/rimble-ui,361,576.0,react-components
87,Y3Vyc29yOjg4,dennismorello/react-awesome-reveal,react-awesome-reveal,https://github.com/dennismorello/react-awesome-reveal,355,12.0,react-components
88,Y3Vyc29yOjg5,leefsmp/Re-Flex,Re-Flex,https://github.com/leefsmp/Re-Flex,353,24.0,react-components
89,Y3Vyc29yOjkw,sarneeh/reaptcha,reaptcha,https://github.com/sarneeh/reaptcha,330,204.0,react-components
90,Y3Vyc29yOjkx,React-Scope/React-Scope,React-Scope,https://github.com/React-Scope/React-Scope,317,,react-components
91,Y3Vyc29yOjky,wwwaiser/react-js-pagination,react-js-pagination,https://github.com/wwwaiser/react-js-pagination,308,1104.0,react-components
92,Y3Vyc29yOjkz,segunadebayo/chakra-ui,chakra-ui,https://github.com/segunadebayo/chakra-ui,303,0.0,react-components
93,Y3Vyc29yOjk0,avocode/react-shortcuts,react-shortcuts,https://github.com/avocode/react-shortcuts,302,408.0,react-components
94,Y3Vyc29yOjk1,garrettmac/react-native-pagination,react-native-pagination,https://github.com/garrettmac/react-native-pagination,297,2556.0,react-components
95,Y3Vyc29yOjk2,ruby-hyperloop/hyper-react,hyper-react,https://github.com/ruby-hyperloop/hyper-react,295,48.0,react-components
96,Y3Vyc29yOjk3,ibitcy/eo-locale,eo-locale,https://github.com/ibitcy/eo-locale,290,120.0,react-components
97,Y3Vyc29yOjk4,twisty/formsy-react-components,formsy-react-components,https://github.com/twisty/formsy-react-components,290,48.0,react-components
98,Y3Vyc29yOjk5,bcrumbs/reactackle,reactackle,https://github.com/bcrumbs/reactackle,278,504.0,react-components
99,Y3Vyc29yOjEwMA==,philipp-spiess/react-recomponent,react-recomponent,https://github.com/philipp-spiess/react-recomponent,272,144.0,react-components
100,Y3Vyc29yOjEwMQ==,pagarme/react-event-components,react-event-components,https://github.com/pagarme/react-event-components,271,60.0,react-components
101,Y3Vyc29yOjEwMg==,JulienRioux/flawwwless-ui,flawwwless-ui,https://github.com/JulienRioux/flawwwless-ui,265,0.0,react-components
102,Y3Vyc29yOjEwMw==,contiamo/operational-ui,operational-ui,https://github.com/contiamo/operational-ui,258,120.0,react-components
103,Y3Vyc29yOjEwNA==,adexin/spinners-react,spinners-react,https://github.com/adexin/spinners-react,254,0.0,react-components
104,Y3Vyc29yOjEwNQ==,Esri/react-arcgis,react-arcgis,https://github.com/Esri/react-arcgis,253,72.0,react-components
105,Y3Vyc29yOjEwNg==,toomuchdesign/react-minimal-pie-chart,react-minimal-pie-chart,https://github.com/toomuchdesign/react-minimal-pie-chart,247,144.0,react-components
106,Y3Vyc29yOjEwNw==,alexeyraspopov/react-coroutine,react-coroutine,https://github.com/alexeyraspopov/react-coroutine,247,1992.0,react-components
107,Y3Vyc29yOjEwOA==,coreui/coreui-react,coreui-react,https://github.com/coreui/coreui-react,246,708.0,react-components
108,Y3Vyc29yOjEwOQ==,knightsj/GitHubPopular-SJ,GitHubPopular-SJ,https://github.com/knightsj/GitHubPopular-SJ,246,,react-components
109,Y3Vyc29yOjExMA==,lilactown/hx,hx,https://github.com/lilactown/hx,240,336.0,react-components
110,Y3Vyc29yOjExMQ==,manofit/React-Native_demo,React-Native_demo,https://github.com/manofit/React-Native_demo,238,,react-components
111,Y3Vyc29yOjExMg==,juliancwirko/react-npm-boilerplate,react-npm-boilerplate,https://github.com/juliancwirko/react-npm-boilerplate,227,2160.0,react-components
112,Y3Vyc29yOjExMw==,emortlock/tailwind-react-ui,tailwind-react-ui,https://github.com/emortlock/tailwind-react-ui,224,13344.0,react-components
113,Y3Vyc29yOjExNA==,Yoshino-UI/Yoshino,Yoshino,https://github.com/Yoshino-UI/Yoshino,216,120.0,react-components
114,Y3Vyc29yOjExNQ==,jxnblk/nano-component,nano-component,https://github.com/jxnblk/nano-component,202,0.0,react-components
115,Y3Vyc29yOjExNg==,worldzhao/react-ui-library-tutorial,react-ui-library-tutorial,https://github.com/worldzhao/react-ui-library-tutorial,201,12.0,react-components
116,Y3Vyc29yOjExNw==,Lodin/react-vtree,react-vtree,https://github.com/Lodin/react-vtree,196,300.0,react-components
117,Y3Vyc29yOjExOA==,aichbauer/styled-bootstrap-components,styled-bootstrap-components,https://github.com/aichbauer/styled-bootstrap-components,196,192.0,react-components
118,Y3Vyc29yOjExOQ==,creativetimofficial/notus-react,notus-react,https://github.com/creativetimofficial/notus-react,192,1404.0,react-components
119,Y3Vyc29yOjEyMA==,ice-lab/react-materials,react-materials,https://github.com/ice-lab/react-materials,189,,react-components
120,Y3Vyc29yOjEyMQ==,upmostly/modali,modali,https://github.com/upmostly/modali,183,84.0,react-components
121,Y3Vyc29yOjEyMg==,sapegin/react-components,react-components,https://github.com/sapegin/react-components,183,5616.0,react-components
122,Y3Vyc29yOjEyMw==,enactjs/enact,enact,https://github.com/enactjs/enact,178,552.0,react-components
123,Y3Vyc29yOjEyNA==,alexanderwallin/react-player-controls,react-player-controls,https://github.com/alexanderwallin/react-player-controls,177,156.0,react-components
124,Y3Vyc29yOjEyNQ==,Flagsmith/react-native-performance-monitor,react-native-performance-monitor,https://github.com/Flagsmith/react-native-performance-monitor,174,0.0,react-components
125,Y3Vyc29yOjEyNg==,cerner/terra-core,terra-core,https://github.com/cerner/terra-core,167,168.0,react-components
126,Y3Vyc29yOjEyNw==,syncfusion/ej2-react-ui-components,ej2-react-ui-components,https://github.com/syncfusion/ej2-react-ui-components,167,4680.0,react-components
127,Y3Vyc29yOjEyOA==,ooade/react-rough,react-rough,https://github.com/ooade/react-rough,164,0.0,react-components
128,Y3Vyc29yOjEyOQ==,alibaba-fusion/materials,materials,https://github.com/alibaba-fusion/materials,162,48.0,react-components
129,Y3Vyc29yOjEzMA==,dmitrymorozoff/react-spinners-kit,react-spinners-kit,https://github.com/dmitrymorozoff/react-spinners-kit,159,3852.0,react-components
130,Y3Vyc29yOjEzMQ==,KaiHotz/react-formik-ui,react-formik-ui,https://github.com/KaiHotz/react-formik-ui,155,24.0,react-components
131,Y3Vyc29yOjEzMg==,xDae/styled-bootstrap,styled-bootstrap,https://github.com/xDae/styled-bootstrap,154,1332.0,react-components
132,Y3Vyc29yOjEzMw==,shine-design/shine-design,shine-design,https://github.com/shine-design/shine-design,154,,react-components
133,Y3Vyc29yOjEzNA==,prometheusresearch-archive/react-stylesheet,react-stylesheet,https://github.com/prometheusresearch-archive/react-stylesheet,150,576.0,react-components
134,Y3Vyc29yOjEzNQ==,SAP/fundamental-react,fundamental-react,https://github.com/SAP/fundamental-react,149,360.0,react-components
135,Y3Vyc29yOjEzNg==,Metroxe/react-border-wrapper,react-border-wrapper,https://github.com/Metroxe/react-border-wrapper,147,120.0,react-components
136,Y3Vyc29yOjEzNw==,calibreapp/react-live-chat-loader,react-live-chat-loader,https://github.com/calibreapp/react-live-chat-loader,147,2568.0,react-components
137,Y3Vyc29yOjEzOA==,One-Nexus/Synergy,Synergy,https://github.com/One-Nexus/Synergy,146,1080.0,react-components
138,Y3Vyc29yOjEzOQ==,atlassian/extract-react-types,extract-react-types,https://github.com/atlassian/extract-react-types,145,120.0,react-components
139,Y3Vyc29yOjE0MA==,rajinwonderland/react-code-blocks,react-code-blocks,https://github.com/rajinwonderland/react-code-blocks,144,168.0,react-components
140,Y3Vyc29yOjE0MQ==,pierreericgarcia/react-step-progress-bar,react-step-progress-bar,https://github.com/pierreericgarcia/react-step-progress-bar,140,,react-components
141,Y3Vyc29yOjE0Mg==,brainly/style-guide,style-guide,https://github.com/brainly/style-guide,139,168.0,react-components
142,Y3Vyc29yOjE0Mw==,contentful/forma-36,forma-36,https://github.com/contentful/forma-36,139,408.0,react-components
143,Y3Vyc29yOjE0NA==,vtex/styleguide,styleguide,https://github.com/vtex/styleguide,138,1920.0,react-components
144,Y3Vyc29yOjE0NQ==,blakeembrey/react-free-style,react-free-style,https://github.com/blakeembrey/react-free-style,135,48.0,react-components
145,Y3Vyc29yOjE0Ng==,NorthwoodsSoftware/gojs-react,gojs-react,https://github.com/NorthwoodsSoftware/gojs-react,132,0.0,react-components
146,Y3Vyc29yOjE0Nw==,TechniqueSoftware/react-json-schema,react-json-schema,https://github.com/TechniqueSoftware/react-json-schema,131,840.0,react-components
147,Y3Vyc29yOjE0OA==,RD17/react-trumbowyg,react-trumbowyg,https://github.com/RD17/react-trumbowyg,130,72.0,react-components
148,Y3Vyc29yOjE0OQ==,martinnov92/React-Splitters,React-Splitters,https://github.com/martinnov92/React-Splitters,128,1236.0,react-components
149,Y3Vyc29yOjE1MA==,kitten/rxjs-diagrams,rxjs-diagrams,https://github.com/kitten/rxjs-diagrams,126,348.0,react-components
150,Y3Vyc29yOjE1MQ==,kensho-technologies/orama,orama,https://github.com/kensho-technologies/orama,125,24.0,react-components
151,Y3Vyc29yOjE1Mg==,codegeous/react-component-depot,react-component-depot,https://github.com/codegeous/react-component-depot,124,,react-components
152,Y3Vyc29yOjE1Mw==,bentaylor2/react-structured-data,react-structured-data,https://github.com/bentaylor2/react-structured-data,120,936.0,react-components
153,Y3Vyc29yOjE1NA==,shuiRong/Gakki,Gakki,https://github.com/shuiRong/Gakki,120,48.0,react-components
154,Y3Vyc29yOjE1NQ==,fluent-org/fluent-windows,fluent-windows,https://github.com/fluent-org/fluent-windows,119,72.0,react-components
155,Y3Vyc29yOjE1Ng==,brainhubeu/gatsby-docs-kit,gatsby-docs-kit,https://github.com/brainhubeu/gatsby-docs-kit,118,8556.0,react-components
156,Y3Vyc29yOjE1Nw==,Merri/react-lazy,react-lazy,https://github.com/Merri/react-lazy,118,912.0,react-components
157,Y3Vyc29yOjE1OA==,u-wave/react-vimeo,react-vimeo,https://github.com/u-wave/react-vimeo,117,24.0,react-components
158,Y3Vyc29yOjE1OQ==,callstack/component-docs,component-docs,https://github.com/callstack/component-docs,116,264.0,react-components
159,Y3Vyc29yOjE2MA==,imranhsayed/react-workshop,react-workshop,https://github.com/imranhsayed/react-workshop,115,,react-components
160,Y3Vyc29yOjE2MQ==,sanity-io/block-content-to-react,block-content-to-react,https://github.com/sanity-io/block-content-to-react,114,24.0,react-components
161,Y3Vyc29yOjE2Mg==,intellidev1991/react-native-image-slider-box,react-native-image-slider-box,https://github.com/intellidev1991/react-native-image-slider-box,114,192.0,react-components
162,Y3Vyc29yOjE2Mw==,binbytes/react-native-firebase-chat,react-native-firebase-chat,https://github.com/binbytes/react-native-firebase-chat,114,204.0,react-components
163,Y3Vyc29yOjE2NA==,felangel/bloc.js,bloc.js,https://github.com/felangel/bloc.js,113,384.0,react-components
164,Y3Vyc29yOjE2NQ==,heartexlabs/label-studio-frontend,label-studio-frontend,https://github.com/heartexlabs/label-studio-frontend,108,120.0,react-components
165,Y3Vyc29yOjE2Ng==,Turkyden/react-darkreader,react-darkreader,https://github.com/Turkyden/react-darkreader,107,0.0,react-components
166,Y3Vyc29yOjE2Nw==,yahoo/jafar,jafar,https://github.com/yahoo/jafar,107,0.0,react-components
167,Y3Vyc29yOjE2OA==,Talend/ui,ui,https://github.com/Talend/ui,106,2808.0,react-components
168,Y3Vyc29yOjE2OQ==,tranbathanhtung/re-jok,re-jok,https://github.com/tranbathanhtung/re-jok,101,8088.0,react-components
169,Y3Vyc29yOjE3MA==,skydoves/MarvelHeroes,MarvelHeroes,https://github.com/skydoves/MarvelHeroes,837,480.0,material-design
170,Y3Vyc29yOjE3MQ==,AdityaAnand1/Morphing-Material-Dialogs,Morphing-Material-Dialogs,https://github.com/AdityaAnand1/Morphing-Material-Dialogs,808,9192.0,material-design
171,Y3Vyc29yOjE3Mg==,mdbootstrap/Vue-Bootstrap-with-Material-Design,Vue-Bootstrap-with-Material-Design,https://github.com/mdbootstrap/Vue-Bootstrap-with-Material-Design,803,1200.0,material-design
172,Y3Vyc29yOjE3Mw==,gokulkrishh/demo-progressive-web-app,demo-progressive-web-app,https://github.com/gokulkrishh/demo-progressive-web-app,800,48.0,material-design
173,Y3Vyc29yOjE3NA==,cortinico/slidetoact,slidetoact,https://github.com/cortinico/slidetoact,787,132.0,material-design
174,Y3Vyc29yOjE3NQ==,mkhairi/materialize-sass,materialize-sass,https://github.com/mkhairi/materialize-sass,786,72.0,material-design
175,Y3Vyc29yOjE3Ng==,material-foundation/material-remixer-android,material-remixer-android,https://github.com/material-foundation/material-remixer-android,782,108.0,material-design
176,Y3Vyc29yOjE3Nw==,Spikeysanju/MotionToast,MotionToast,https://github.com/Spikeysanju/MotionToast,782,156.0,material-design
177,Y3Vyc29yOjE3OA==,MewX/light-novel-library_Wenku8_Android,light-novel-library_Wenku8_Android,https://github.com/MewX/light-novel-library_Wenku8_Android,777,48.0,material-design
178,Y3Vyc29yOjE3OQ==,turing-tech/MaterialScrollBar,MaterialScrollBar,https://github.com/turing-tech/MaterialScrollBar,763,36.0,material-design
179,Y3Vyc29yOjE4MA==,HITGIF/TextFieldBoxes,TextFieldBoxes,https://github.com/HITGIF/TextFieldBoxes,761,48.0,material-design
180,Y3Vyc29yOjE4MQ==,carloscuesta/materialshell,materialshell,https://github.com/carloscuesta/materialshell,751,612.0,material-design
181,Y3Vyc29yOjE4Mg==,GwonHyeok/StickySwitch,StickySwitch,https://github.com/GwonHyeok/StickySwitch,728,156.0,material-design
182,Y3Vyc29yOjE4Mw==,mdbootstrap/bootstrap-5-templates,bootstrap-5-templates,https://github.com/mdbootstrap/bootstrap-5-templates,724,156.0,material-design
183,Y3Vyc29yOjE4NA==,Shouheng88/MarkNote,MarkNote,https://github.com/Shouheng88/MarkNote,720,2400.0,material-design
184,Y3Vyc29yOjE4NQ==,edumeet/edumeet,edumeet,https://github.com/edumeet/edumeet,714,612.0,material-design
185,Y3Vyc29yOjE4Ng==,CreativeIT/material-dashboard-lite,material-dashboard-lite,https://github.com/CreativeIT/material-dashboard-lite,705,372.0,material-design
186,Y3Vyc29yOjE4Nw==,TeamWertarbyte/material-ui-chip-input,material-ui-chip-input,https://github.com/TeamWertarbyte/material-ui-chip-input,694,36.0,material-design
187,Y3Vyc29yOjE4OA==,rogerou/Baby,Baby,https://github.com/rogerou/Baby,687,48.0,material-design
188,Y3Vyc29yOjE4OQ==,romtsn/ArcNavigationView,ArcNavigationView,https://github.com/romtsn/ArcNavigationView,685,936.0,material-design
189,Y3Vyc29yOjE5MA==,zhanghai/PatternLock,PatternLock,https://github.com/zhanghai/PatternLock,683,24.0,material-design
190,Y3Vyc29yOjE5MQ==,framework7io/framework7-vue,framework7-vue,https://github.com/framework7io/framework7-vue,682,120.0,material-design
191,Y3Vyc29yOjE5Mg==,hegaojian/WanAndroid,WanAndroid,https://github.com/hegaojian/WanAndroid,675,156.0,material-design
192,Y3Vyc29yOjE5Mw==,razir/ProgressButton,ProgressButton,https://github.com/razir/ProgressButton,669,480.0,material-design
193,Y3Vyc29yOjE5NA==,enricocid/Music-Player-GO,Music-Player-GO,https://github.com/enricocid/Music-Player-GO,666,480.0,material-design
194,Y3Vyc29yOjE5NQ==,yrccondor/mdx,mdx,https://github.com/yrccondor/mdx,665,24.0,material-design
195,Y3Vyc29yOjE5Ng==,n4kz/react-native-material-dropdown,react-native-material-dropdown,https://github.com/n4kz/react-native-material-dropdown,664,120.0,material-design
196,Y3Vyc29yOjE5Nw==,timomeh/react-native-material-bottom-navigation,react-native-material-bottom-navigation,https://github.com/timomeh/react-native-material-bottom-navigation,659,0.0,material-design
197,Y3Vyc29yOjE5OA==,material-components/material-components-flutter,material-components-flutter,https://github.com/material-components/material-components-flutter,657,0.0,material-design
198,Y3Vyc29yOjE5OQ==,pburtchaell/react-notification,react-notification,https://github.com/pburtchaell/react-notification,652,120.0,material-design
199,Y3Vyc29yOjIwMA==,what-crud/vue-crud,vue-crud,https://github.com/what-crud/vue-crud,636,288.0,material-design
200,Y3Vyc29yOjIwMQ==,javiersantos/BottomDialogs,BottomDialogs,https://github.com/javiersantos/BottomDialogs,625,84.0,material-design
201,Y3Vyc29yOjIwMg==,cooperka/react-native-snackbar,react-native-snackbar,https://github.com/cooperka/react-native-snackbar,618,168.0,material-design
202,Y3Vyc29yOjIwMw==,heinrichreimer/material-drawer,material-drawer,https://github.com/heinrichreimer/material-drawer,609,288.0,material-design
203,Y3Vyc29yOjIwNA==,PatilShreyas/MaterialDialog-Android,MaterialDialog-Android,https://github.com/PatilShreyas/MaterialDialog-Android,606,24.0,material-design
204,Y3Vyc29yOjIwNQ==,khandelwal-arpit/springboot-starterkit,springboot-starterkit,https://github.com/khandelwal-arpit/springboot-starterkit,604,72.0,material-design
205,Y3Vyc29yOjIwNg==,lirios/fluid,fluid,https://github.com/lirios/fluid,602,144.0,material-design
206,Y3Vyc29yOjIwNw==,ng-matero/ng-matero,ng-matero,https://github.com/ng-matero/ng-matero,598,120.0,material-design
207,Y3Vyc29yOjIwOA==,ZieIony/GuideToCustomViews,GuideToCustomViews,https://github.com/ZieIony/GuideToCustomViews,596,0.0,material-design
208,Y3Vyc29yOjIwOQ==,hluhovskyi/HoldingButton,HoldingButton,https://github.com/hluhovskyi/HoldingButton,595,0.0,material-design
209,Y3Vyc29yOjIxMA==,rodydavis/flutter_login,flutter_login,https://github.com/rodydavis/flutter_login,592,1308.0,material-design
210,Y3Vyc29yOjIxMQ==,material-shell/material-awesome,material-awesome,https://github.com/material-shell/material-awesome,591,0.0,material-design
211,Y3Vyc29yOjIxMg==,Suleiman19/Android-Material-Design-for-pre-Lollipop,Android-Material-Design-for-pre-Lollipop,https://github.com/Suleiman19/Android-Material-Design-for-pre-Lollipop,586,264.0,material-design
212,Y3Vyc29yOjIxMw==,IvBaranov/MaterialFavoriteButton,MaterialFavoriteButton,https://github.com/IvBaranov/MaterialFavoriteButton,586,156.0,material-design
213,Y3Vyc29yOjIxNA==,ArthurClemens/polythene,polythene,https://github.com/ArthurClemens/polythene,579,36.0,material-design
214,Y3Vyc29yOjIxNQ==,joashp/material-design-template,material-design-template,https://github.com/joashp/material-design-template,572,24.0,material-design
215,Y3Vyc29yOjIxNg==,aagarwal1012/IntroViews-Flutter,IntroViews-Flutter,https://github.com/aagarwal1012/IntroViews-Flutter,570,48.0,material-design
216,Y3Vyc29yOjIxNw==,zawadz88/MaterialPopupMenu,MaterialPopupMenu,https://github.com/zawadz88/MaterialPopupMenu,570,288.0,material-design
217,Y3Vyc29yOjIxOA==,Widle-Studio/Grocery-App,Grocery-App,https://github.com/Widle-Studio/Grocery-App,568,3120.0,material-design
218,Y3Vyc29yOjIxOQ==,bernaferrari/ChangeDetection,ChangeDetection,https://github.com/bernaferrari/ChangeDetection,567,768.0,material-design
219,Y3Vyc29yOjIyMA==,mseemann/angular2-mdl,angular2-mdl,https://github.com/mseemann/angular2-mdl,561,0.0,material-design
220,Y3Vyc29yOjIyMQ==,vickychijwani/quill,quill,https://github.com/vickychijwani/quill,552,972.0,material-design
221,Y3Vyc29yOjIyMg==,TonnyL/Light,Light,https://github.com/TonnyL/Light,543,24.0,material-design
222,Y3Vyc29yOjIyMw==,trimox/angular-mdc-web,angular-mdc-web,https://github.com/trimox/angular-mdc-web,543,48.0,material-design
223,Y3Vyc29yOjIyNA==,blanyal/Remindly,Remindly,https://github.com/blanyal/Remindly,537,24.0,material-design
224,Y3Vyc29yOjIyNQ==,nahzur-h/awaker,awaker,https://github.com/nahzur-h/awaker,526,12.0,material-design
225,Y3Vyc29yOjIyNg==,spiegelp/MaterialDesignExtensions,MaterialDesignExtensions,https://github.com/spiegelp/MaterialDesignExtensions,526,312.0,material-design
226,Y3Vyc29yOjIyNw==,EYHN/hexo-theme-one,hexo-theme-one,https://github.com/EYHN/hexo-theme-one,521,24.0,material-design
227,Y3Vyc29yOjIyOA==,afollestad/mnml,mnml,https://github.com/afollestad/mnml,516,0.0,material-design
228,Y3Vyc29yOjIyOQ==,juliettef/IconFontCppHeaders,IconFontCppHeaders,https://github.com/juliettef/IconFontCppHeaders,513,72.0,material-design
229,Y3Vyc29yOjIzMA==,ronaldsmartin/Material-ViewPagerIndicator,Material-ViewPagerIndicator,https://github.com/ronaldsmartin/Material-ViewPagerIndicator,512,912.0,material-design
230,Y3Vyc29yOjIzMQ==,bugy/script-server,script-server,https://github.com/bugy/script-server,511,252.0,material-design
231,Y3Vyc29yOjIzMg==,mbitson/mcg,mcg,https://github.com/mbitson/mcg,507,768.0,material-design
232,Y3Vyc29yOjIzMw==,xiprox/WaniKani-for-Android,WaniKani-for-Android,https://github.com/xiprox/WaniKani-for-Android,506,516.0,material-design
233,Y3Vyc29yOjIzNA==,flschweiger/reply,reply,https://github.com/flschweiger/reply,506,,material-design
234,Y3Vyc29yOjIzNQ==,AviranAbady/CookieBar2,CookieBar2,https://github.com/AviranAbady/CookieBar2,502,288.0,material-design
235,Y3Vyc29yOjIzNg==,yarolegovich/MaterialPreferences,MaterialPreferences,https://github.com/yarolegovich/MaterialPreferences,495,192.0,material-design
236,Y3Vyc29yOjIzNw==,Ramotion/circular-carousel,circular-carousel,https://github.com/Ramotion/circular-carousel,494,456.0,material-design
237,Y3Vyc29yOjIzOA==,duzyn/material-axure-library,material-axure-library,https://github.com/duzyn/material-axure-library,493,32964.0,material-design
238,Y3Vyc29yOjIzOQ==,h6ah4i/android-materialshadowninepatch,android-materialshadowninepatch,https://github.com/h6ah4i/android-materialshadowninepatch,488,180.0,material-design
239,Y3Vyc29yOjI0MA==,MuntashirAkon/AppManager,AppManager,https://github.com/MuntashirAkon/AppManager,488,96.0,material-design
240,Y3Vyc29yOjI0MQ==,atarw/material-ui-swing,material-ui-swing,https://github.com/atarw/material-ui-swing,486,72.0,material-design
241,Y3Vyc29yOjI0Mg==,maxkeppeler/sheets,sheets,https://github.com/maxkeppeler/sheets,483,24.0,material-design
242,Y3Vyc29yOjI0Mw==,matecode/Snacky,Snacky,https://github.com/matecode/Snacky,483,48.0,material-design
243,Y3Vyc29yOjI0NA==,mayokunthefirst/Instant-Weather,Instant-Weather,https://github.com/mayokunthefirst/Instant-Weather,478,600.0,material-design
244,Y3Vyc29yOjI0NQ==,BootstrapDash/PurpleAdmin-Free-Admin-Template,PurpleAdmin-Free-Admin-Template,https://github.com/BootstrapDash/PurpleAdmin-Free-Admin-Template,475,1416.0,material-design
245,Y3Vyc29yOjI0Ng==,hiteshsahu/ECommerce-App-Android,ECommerce-App-Android,https://github.com/hiteshsahu/ECommerce-App-Android,470,84.0,material-design
246,Y3Vyc29yOjI0Nw==,CleverPumpkin/CrunchyCalendar,CrunchyCalendar,https://github.com/CleverPumpkin/CrunchyCalendar,465,408.0,material-design
247,Y3Vyc29yOjI0OA==,braginteractive/materialwp,materialwp,https://github.com/braginteractive/materialwp,458,0.0,material-design
248,Y3Vyc29yOjI0OQ==,Vagr9K/gatsby-material-starter,gatsby-material-starter,https://github.com/Vagr9K/gatsby-material-starter,457,192.0,material-design
249,Y3Vyc29yOjI1MA==,hypeapps/MaterialTimelineView,MaterialTimelineView,https://github.com/hypeapps/MaterialTimelineView,444,360.0,material-design
250,Y3Vyc29yOjI1MQ==,mateosss/matter,matter,https://github.com/mateosss/matter,443,120.0,material-design
251,Y3Vyc29yOjI1Mg==,danimahardhika/candybar-library,candybar-library,https://github.com/danimahardhika/candybar-library,440,48.0,material-design
252,Y3Vyc29yOjI1Mw==,creativetimofficial/material-kit-react-native,material-kit-react-native,https://github.com/creativetimofficial/material-kit-react-native,427,420.0,material-design
253,Y3Vyc29yOjI1NA==,tasomaniac/EmailAutoCompleteTextView,EmailAutoCompleteTextView,https://github.com/tasomaniac/EmailAutoCompleteTextView,423,768.0,material-design
254,Y3Vyc29yOjI1NQ==,Commit451/ModalBottomSheetDialogFragment,ModalBottomSheetDialogFragment,https://github.com/Commit451/ModalBottomSheetDialogFragment,421,0.0,material-design
255,Y3Vyc29yOjI1Ng==,LPZilva/Google-Material-Icons-for-Sketch,Google-Material-Icons-for-Sketch,https://github.com/LPZilva/Google-Material-Icons-for-Sketch,420,24.0,material-design
256,Y3Vyc29yOjI1Nw==,iampawan/Flutter-Instagram-UI-Clone,Flutter-Instagram-UI-Clone,https://github.com/iampawan/Flutter-Instagram-UI-Clone,417,0.0,material-design
257,Y3Vyc29yOjI1OA==,dahliaOS/pangolin_desktop,pangolin_desktop,https://github.com/dahliaOS/pangolin_desktop,414,24.0,material-design
258,Y3Vyc29yOjI1OQ==,Shashank02051997/FancyGifDialog-Android,FancyGifDialog-Android,https://github.com/Shashank02051997/FancyGifDialog-Android,410,168.0,material-design
259,Y3Vyc29yOjI2MA==,Moosphan/Material-ProgressView,Material-ProgressView,https://github.com/Moosphan/Material-ProgressView,408,24.0,material-design
260,Y3Vyc29yOjI2MQ==,creativetimofficial/vue-material-dashboard,vue-material-dashboard,https://github.com/creativetimofficial/vue-material-dashboard,405,48.0,material-design
261,Y3Vyc29yOjI2Mg==,TeamWertarbyte/material-auto-rotating-carousel,material-auto-rotating-carousel,https://github.com/TeamWertarbyte/material-auto-rotating-carousel,400,24.0,material-design
262,Y3Vyc29yOjI2Mw==,jahirfiquitiva/Frames,Frames,https://github.com/jahirfiquitiva/Frames,398,0.0,material-design
263,Y3Vyc29yOjI2NA==,hashlin/rally,rally,https://github.com/hashlin/rally,393,,material-design
264,Y3Vyc29yOjI2NQ==,jahirfiquitiva/Blueprint,Blueprint,https://github.com/jahirfiquitiva/Blueprint,391,12.0,material-design
265,Y3Vyc29yOjI2Ng==,Promact/md2,md2,https://github.com/Promact/md2,389,384.0,material-design
266,Y3Vyc29yOjI2Nw==,TheComputerM/svelte-materialify,svelte-materialify,https://github.com/TheComputerM/svelte-materialify,389,24.0,material-design
267,Y3Vyc29yOjI2OA==,jrvansuita/PickImage,PickImage,https://github.com/jrvansuita/PickImage,388,216.0,material-design
268,Y3Vyc29yOjI2OQ==,ricknout/android-mdc-theming,android-mdc-theming,https://github.com/ricknout/android-mdc-theming,387,120.0,material-design
269,Y3Vyc29yOjI3MA==,calebj0seph/spectro,spectro,https://github.com/calebj0seph/spectro,386,120.0,material-design
270,Y3Vyc29yOjI3MQ==,CosmicMind/Samples,Samples,https://github.com/CosmicMind/Samples,386,24.0,material-design
271,Y3Vyc29yOjI3Mg==,nt1m/material-framework,material-framework,https://github.com/nt1m/material-framework,383,0.0,material-design
272,Y3Vyc29yOjI3Mw==,afsalashyana/Library-Assistant,Library-Assistant,https://github.com/afsalashyana/Library-Assistant,381,216.0,material-design
273,Y3Vyc29yOjI3NA==,OmGodse/Notally,Notally,https://github.com/OmGodse/Notally,377,228.0,material-design
274,Y3Vyc29yOjI3NQ==,urmilshroff/dashboard_reborn,dashboard_reborn,https://github.com/urmilshroff/dashboard_reborn,376,744.0,material-design
275,Y3Vyc29yOjI3Ng==,skydoves/TheMovies,TheMovies,https://github.com/skydoves/TheMovies,375,0.0,material-design
276,Y3Vyc29yOjI3Nw==,marlenesco/material-cards,material-cards,https://github.com/marlenesco/material-cards,371,288.0,material-design
277,Y3Vyc29yOjI3OA==,n4kz/react-native-material-ripple,react-native-material-ripple,https://github.com/n4kz/react-native-material-ripple,364,132.0,material-design
278,Y3Vyc29yOjI3OQ==,tunjid/Android-Extensions,Android-Extensions,https://github.com/tunjid/Android-Extensions,364,552.0,material-design
279,Y3Vyc29yOjI4MA==,mikolajdobrucki/material-foundation,material-foundation,https://github.com/mikolajdobrucki/material-foundation,361,2052.0,material-design
280,Y3Vyc29yOjI4MQ==,BlackBoxVision/material-calendar-view,material-calendar-view,https://github.com/BlackBoxVision/material-calendar-view,360,36.0,material-design
281,Y3Vyc29yOjI4Mg==,gabriel-TheCode/AestheticDialogs,AestheticDialogs,https://github.com/gabriel-TheCode/AestheticDialogs,354,96.0,material-design
282,Y3Vyc29yOjI4Mw==,Spikeysanju/Expenso,Expenso,https://github.com/Spikeysanju/Expenso,353,24.0,material-design
283,Y3Vyc29yOjI4NA==,klinker24/Android-FloatingTutorialActivity,Android-FloatingTutorialActivity,https://github.com/klinker24/Android-FloatingTutorialActivity,346,0.0,material-design
284,Y3Vyc29yOjI4NQ==,codetok/cdk-admin,cdk-admin,https://github.com/codetok/cdk-admin,344,72.0,material-design
285,Y3Vyc29yOjI4Ng==,fython/PackageTracker,PackageTracker,https://github.com/fython/PackageTracker,340,4704.0,material-design
286,Y3Vyc29yOjI4Nw==,aforemny/elm-mdc,elm-mdc,https://github.com/aforemny/elm-mdc,339,936.0,material-design
287,Y3Vyc29yOjI4OA==,StevenDXC/DxLoadingButton,DxLoadingButton,https://github.com/StevenDXC/DxLoadingButton,335,48.0,material-design
288,Y3Vyc29yOjI4OQ==,rock3r/uplift,uplift,https://github.com/rock3r/uplift,333,0.0,material-design
289,Y3Vyc29yOjI5MA==,mxck/react-native-material-menu,react-native-material-menu,https://github.com/mxck/react-native-material-menu,331,36.0,material-design
290,Y3Vyc29yOjI5MQ==,vpaliy/android-movies-app,android-movies-app,https://github.com/vpaliy/android-movies-app,328,120.0,material-design
291,Y3Vyc29yOjI5Mg==,elkozmon/zoonavigator,zoonavigator,https://github.com/elkozmon/zoonavigator,326,444.0,material-design
292,Y3Vyc29yOjI5Mw==,lawloretienne/MovieHub,MovieHub,https://github.com/lawloretienne/MovieHub,325,24.0,material-design
293,Y3Vyc29yOjI5NA==,sherweb/ngx-materialize,ngx-materialize,https://github.com/sherweb/ngx-materialize,322,144.0,material-design
294,Y3Vyc29yOjI5NQ==,vpaliy/android-login,android-login,https://github.com/vpaliy/android-login,317,12.0,material-design
295,Y3Vyc29yOjI5Ng==,matsp/material-components-vue,material-components-vue,https://github.com/matsp/material-components-vue,316,96.0,material-design
296,Y3Vyc29yOjI5Nw==,TR4Android/AppCompat-Extension-Library,AppCompat-Extension-Library,https://github.com/TR4Android/AppCompat-Extension-Library,307,444.0,material-design
297,Y3Vyc29yOjI5OA==,aromajoin/material-showcase-ios,material-showcase-ios,https://github.com/aromajoin/material-showcase-ios,301,336.0,material-design
298,Y3Vyc29yOjI5OQ==,GautamGupta/toolbar-button,toolbar-button,https://github.com/GautamGupta/toolbar-button,299,216.0,material-design
299,Y3Vyc29yOjMwMA==,arronf2e/Vue2.0LOL,Vue2.0LOL,https://github.com/arronf2e/Vue2.0LOL,298,24.0,material-design
300,Y3Vyc29yOjMwMQ==,anselm94/googlekeepclone,googlekeepclone,https://github.com/anselm94/googlekeepclone,296,216.0,material-design
301,Y3Vyc29yOjMwMg==,fython/BreadcrumbsView,BreadcrumbsView,https://github.com/fython/BreadcrumbsView,296,1644.0,material-design
302,Y3Vyc29yOjMwMw==,aminography/PrimeDatePicker,PrimeDatePicker,https://github.com/aminography/PrimeDatePicker,296,240.0,material-design
303,Y3Vyc29yOjMwNA==,bernaferrari/color-studio,color-studio,https://github.com/bernaferrari/color-studio,294,0.0,material-design
304,Y3Vyc29yOjMwNQ==,crazysunj/CrazyDaily,CrazyDaily,https://github.com/crazysunj/CrazyDaily,294,180.0,material-design
305,Y3Vyc29yOjMwNg==,maksim-m/Popular-Movies-App,Popular-Movies-App,https://github.com/maksim-m/Popular-Movies-App,293,24.0,material-design
306,Y3Vyc29yOjMwNw==,sameersyd/Expenso-iOS,Expenso-iOS,https://github.com/sameersyd/Expenso-iOS,293,48.0,material-design
307,Y3Vyc29yOjMwOA==,codypearce/material-bread,material-bread,https://github.com/codypearce/material-bread,287,216.0,material-design
308,Y3Vyc29yOjMwOQ==,notadd/ng-notadd,ng-notadd,https://github.com/notadd/ng-notadd,286,84.0,material-design
309,Y3Vyc29yOjMxMA==,BaselHorany/ProgressStatusBar,ProgressStatusBar,https://github.com/BaselHorany/ProgressStatusBar,283,1104.0,material-design
310,Y3Vyc29yOjMxMQ==,hcbpassos/waterfall-toolbar,waterfall-toolbar,https://github.com/hcbpassos/waterfall-toolbar,282,24.0,material-design
311,Y3Vyc29yOjMxMg==,nstudio/nativescript-cardview,nativescript-cardview,https://github.com/nstudio/nativescript-cardview,279,456.0,material-design
312,Y3Vyc29yOjMxMw==,material-motion/material-motion-js,material-motion-js,https://github.com/material-motion/material-motion-js,277,1848.0,material-design
313,Y3Vyc29yOjMxNA==,ccforward/rubik,rubik,https://github.com/ccforward/rubik,277,336.0,material-design
314,Y3Vyc29yOjMxNQ==,skydoves/GithubFollows,GithubFollows,https://github.com/skydoves/GithubFollows,273,2988.0,material-design
315,Y3Vyc29yOjMxNg==,DimiMikadze/laravel-angular-cms,laravel-angular-cms,https://github.com/DimiMikadze/laravel-angular-cms,272,24.0,material-design
316,Y3Vyc29yOjMxNw==,lincanbin/Material-Design-Avatars,Material-Design-Avatars,https://github.com/lincanbin/Material-Design-Avatars,266,0.0,material-design
317,Y3Vyc29yOjMxOA==,priyank-purohit/PostGUI,PostGUI,https://github.com/priyank-purohit/PostGUI,265,168.0,material-design
318,Y3Vyc29yOjMxOQ==,jeremykenedy/laravel-material-design,laravel-material-design,https://github.com/jeremykenedy/laravel-material-design,263,0.0,material-design
319,Y3Vyc29yOjMyMA==,fujiyuu75/Sequent,Sequent,https://github.com/fujiyuu75/Sequent,263,264.0,material-design
320,Y3Vyc29yOjMyMQ==,Alexays/Epiboard,Epiboard,https://github.com/Alexays/Epiboard,263,84.0,material-design
321,Y3Vyc29yOjMyMg==,Lauzy/TicktockMusic,TicktockMusic,https://github.com/Lauzy/TicktockMusic,262,8328.0,material-design
322,Y3Vyc29yOjMyMw==,Shashank02051997/FancyAlertDialog-Android,FancyAlertDialog-Android,https://github.com/Shashank02051997/FancyAlertDialog-Android,261,0.0,material-design
323,Y3Vyc29yOjMyNA==,syncfusion/ej2-javascript-ui-controls,ej2-javascript-ui-controls,https://github.com/syncfusion/ej2-javascript-ui-controls,258,1320.0,material-design
324,Y3Vyc29yOjMyNQ==,TheCodeMonks/NYTimes-App,NYTimes-App,https://github.com/TheCodeMonks/NYTimes-App,257,0.0,material-design
325,Y3Vyc29yOjMyNg==,Templarian/MaterialDesign-Webfont,MaterialDesign-Webfont,https://github.com/Templarian/MaterialDesign-Webfont,256,0.0,material-design
326,Y3Vyc29yOjMyNw==,IvBaranov/MaterialLetterIcon,MaterialLetterIcon,https://github.com/IvBaranov/MaterialLetterIcon,255,336.0,material-design
327,Y3Vyc29yOjMyOA==,lincanbin/Android-Carbon-Forum,Android-Carbon-Forum,https://github.com/lincanbin/Android-Carbon-Forum,254,0.0,material-design
328,Y3Vyc29yOjMyOQ==,ebidel/material-playground,material-playground,https://github.com/ebidel/material-playground,254,7788.0,material-design
329,Y3Vyc29yOjMzMA==,malikshubham827/get-me-through,get-me-through,https://github.com/malikshubham827/get-me-through,253,0.0,material-design
330,Y3Vyc29yOjMzMQ==,fennifith/Alarmio,Alarmio,https://github.com/fennifith/Alarmio,252,600.0,material-design
331,Y3Vyc29yOjMzMg==,shuhei/material-colors,material-colors,https://github.com/shuhei/material-colors,251,36.0,material-design
332,Y3Vyc29yOjMzMw==,anihalaney/rwa-trivia,rwa-trivia,https://github.com/anihalaney/rwa-trivia,251,192.0,material-design
333,Y3Vyc29yOjMzNA==,jjochen/JJFloatingActionButton,JJFloatingActionButton,https://github.com/jjochen/JJFloatingActionButton,250,72.0,material-design
334,Y3Vyc29yOjMzNQ==,hendraanggrian/collapsingtoolbarlayout-subtitle,collapsingtoolbarlayout-subtitle,https://github.com/hendraanggrian/collapsingtoolbarlayout-subtitle,244,168.0,material-design
335,Y3Vyc29yOjMzNg==,takahirom/material-element,material-element,https://github.com/takahirom/material-element,244,0.0,material-design
336,Y3Vyc29yOjMzNw==,fluttercommunity/responsive_scaffold,responsive_scaffold,https://github.com/fluttercommunity/responsive_scaffold,243,0.0,material-design
337,Y3Vyc29yOjMzOA==,PandaQAQ/PandaEye,PandaEye,https://github.com/PandaQAQ/PandaEye,242,0.0,material-design
338,Y3Vyc29yOjMzOQ==,sergivonavi/MaterialBanner,MaterialBanner,https://github.com/sergivonavi/MaterialBanner,241,48.0,material-design
339,Y3Vyc29yOjM0MA==,dtrung98/MusicPlayer,MusicPlayer,https://github.com/dtrung98/MusicPlayer,239,840.0,material-design
340,Y3Vyc29yOjM0MQ==,ripjar/material-datetime-picker,material-datetime-picker,https://github.com/ripjar/material-datetime-picker,238,648.0,material-design
341,Y3Vyc29yOjM0Mg==,Sottti/Material-Design-Nav-Drawer,Material-Design-Nav-Drawer,https://github.com/Sottti/Material-Design-Nav-Drawer,238,,material-design
342,Y3Vyc29yOjM0Mw==,A-l-y-l-e/Alyle-UI,Alyle-UI,https://github.com/A-l-y-l-e/Alyle-UI,236,624.0,material-design
343,Y3Vyc29yOjM0NA==,florent37/Motion-ShapeOfView,Motion-ShapeOfView,https://github.com/florent37/Motion-ShapeOfView,236,,material-design
344,Y3Vyc29yOjM0NQ==,danimahardhika/wallpaperboard,wallpaperboard,https://github.com/danimahardhika/wallpaperboard,235,24.0,material-design
345,Y3Vyc29yOjM0Ng==,creativetimofficial/vue-material-kit,vue-material-kit,https://github.com/creativetimofficial/vue-material-kit,233,1104.0,material-design
346,Y3Vyc29yOjM0Nw==,jeroenouw/AngularMaterialFirebase,AngularMaterialFirebase,https://github.com/jeroenouw/AngularMaterialFirebase,229,288.0,material-design
347,Y3Vyc29yOjM0OA==,iampawan/PokemonApp,PokemonApp,https://github.com/iampawan/PokemonApp,228,0.0,material-design
348,Y3Vyc29yOjM0OQ==,nasirouwagana/vuebase,vuebase,https://github.com/nasirouwagana/vuebase,227,24.0,material-design
349,Y3Vyc29yOjM1MA==,savvyapps/ToggleButtonLayout,ToggleButtonLayout,https://github.com/savvyapps/ToggleButtonLayout,227,84.0,material-design
350,Y3Vyc29yOjM1MQ==,dbuxy218/Prismatic-Night,Prismatic-Night,https://github.com/dbuxy218/Prismatic-Night,227,0.0,material-design
351,Y3Vyc29yOjM1Mg==,sephiroth74/NumberSlidingPicker,NumberSlidingPicker,https://github.com/sephiroth74/NumberSlidingPicker,225,720.0,material-design
352,Y3Vyc29yOjM1Mw==,ForgetSky/WanAndroid,WanAndroid,https://github.com/ForgetSky/WanAndroid,224,0.0,material-design
353,Y3Vyc29yOjM1NA==,robertlevonyan/customFloatingActionButton,customFloatingActionButton,https://github.com/robertlevonyan/customFloatingActionButton,222,780.0,material-design
354,Y3Vyc29yOjM1NQ==,Shashank02051997/FancyWalkthrough-Android,FancyWalkthrough-Android,https://github.com/Shashank02051997/FancyWalkthrough-Android,221,,material-design
355,Y3Vyc29yOjM1Ng==,Semper-Viventem/Material-backdrop,Material-backdrop,https://github.com/Semper-Viventem/Material-backdrop,221,672.0,material-design
356,Y3Vyc29yOjM1Nw==,BootstrapDash/Material-Admin,Material-Admin,https://github.com/BootstrapDash/Material-Admin,220,9984.0,material-design
357,Y3Vyc29yOjM1OA==,michaelbel/BottomSheet,BottomSheet,https://github.com/michaelbel/BottomSheet,219,2664.0,material-design
358,Y3Vyc29yOjM1OQ==,pranavpandey/dynamic-support,dynamic-support,https://github.com/pranavpandey/dynamic-support,218,1512.0,material-design
359,Y3Vyc29yOjM2MA==,Yoshino-UI/Yoshino,Yoshino,https://github.com/Yoshino-UI/Yoshino,216,120.0,material-design
360,Y3Vyc29yOjM2MQ==,tuckerconnelly/carbon-ui,carbon-ui,https://github.com/tuckerconnelly/carbon-ui,215,24.0,material-design
361,Y3Vyc29yOjM2Mg==,TryGhost/Ghost-Android,Ghost-Android,https://github.com/TryGhost/Ghost-Android,215,72.0,material-design
362,Y3Vyc29yOjM2Mw==,forehalo/materialize-blog,materialize-blog,https://github.com/forehalo/materialize-blog,212,924.0,material-design
363,Y3Vyc29yOjM2NA==,720kb/hubuntu-ui,hubuntu-ui,https://github.com/720kb/hubuntu-ui,208,0.0,material-design
364,Y3Vyc29yOjM2NQ==,darioielardi/flutter_speed_dial,flutter_speed_dial,https://github.com/darioielardi/flutter_speed_dial,208,1944.0,material-design
365,Y3Vyc29yOjM2Ng==,dikiaap/minimalist,minimalist,https://github.com/dikiaap/minimalist,207,0.0,material-design
366,Y3Vyc29yOjM2Nw==,fivethree-team/ionic-4-components,ionic-4-components,https://github.com/fivethree-team/ionic-4-components,206,144.0,material-design
367,Y3Vyc29yOjM2OA==,AhmadNemati/WindView,WindView,https://github.com/AhmadNemati/WindView,205,,material-design
368,Y3Vyc29yOjM2OQ==,cprodhomme/arctic_admin,arctic_admin,https://github.com/cprodhomme/arctic_admin,203,696.0,material-design
369,Y3Vyc29yOjM3MA==,heinrichreimer/material-singleinputform,material-singleinputform,https://github.com/heinrichreimer/material-singleinputform,202,816.0,material-design
370,Y3Vyc29yOjM3MQ==,jMavarez/MaterialCalendar,MaterialCalendar,https://github.com/jMavarez/MaterialCalendar,196,48.0,material-design
371,Y3Vyc29yOjM3Mg==,enilu/material-admin,material-admin,https://github.com/enilu/material-admin,196,1068.0,material-design
372,Y3Vyc29yOjM3Mw==,wadackel/react-md-spinner,react-md-spinner,https://github.com/wadackel/react-md-spinner,195,0.0,material-design
373,Y3Vyc29yOjM3NA==,iliyaZelenko/vue-cool-select,vue-cool-select,https://github.com/iliyaZelenko/vue-cool-select,195,0.0,material-design
374,Y3Vyc29yOjM3NQ==,kobakei/MaterialFabSpeedDial,MaterialFabSpeedDial,https://github.com/kobakei/MaterialFabSpeedDial,194,0.0,material-design
375,Y3Vyc29yOjM3Ng==,taoyimin/acgn-community,acgn-community,https://github.com/taoyimin/acgn-community,193,,material-design
376,Y3Vyc29yOjM3Nw==,Teradata/vantage-ui-template,vantage-ui-template,https://github.com/Teradata/vantage-ui-template,192,4128.0,material-design
377,Y3Vyc29yOjM3OA==,muigukenneth/ElegantDialog,ElegantDialog,https://github.com/muigukenneth/ElegantDialog,190,1044.0,material-design
378,Y3Vyc29yOjM3OQ==,shijiacheng/wanandroid_flutter,wanandroid_flutter,https://github.com/shijiacheng/wanandroid_flutter,190,0.0,material-design
379,Y3Vyc29yOjM4MA==,mkermani144/wanna,wanna,https://github.com/mkermani144/wanna,190,324.0,material-design
380,Y3Vyc29yOjM4MQ==,edasubert/beamerMaterialDesign,beamerMaterialDesign,https://github.com/edasubert/beamerMaterialDesign,188,72.0,material-design
381,Y3Vyc29yOjM4Mg==,timmo001/home-panel,home-panel,https://github.com/timmo001/home-panel,187,48.0,material-design
382,Y3Vyc29yOjM4Mw==,artur9010/lightdm-webkit-material,lightdm-webkit-material,https://github.com/artur9010/lightdm-webkit-material,187,4056.0,material-design
383,Y3Vyc29yOjM4NA==,awesome-inc/FontAwesome.Sharp,FontAwesome.Sharp,https://github.com/awesome-inc/FontAwesome.Sharp,185,408.0,material-design
384,Y3Vyc29yOjM4NQ==,Commit451/QuickActionView,QuickActionView,https://github.com/Commit451/QuickActionView,185,720.0,material-design
385,Y3Vyc29yOjM4Ng==,lirios/browser,browser,https://github.com/lirios/browser,184,1080.0,material-design
386,Y3Vyc29yOjM4Nw==,javiersantos/WhatsAppBetaUpdater,WhatsAppBetaUpdater,https://github.com/javiersantos/WhatsAppBetaUpdater,184,24.0,material-design
387,Y3Vyc29yOjM4OA==,react-mdc/react-material-components-web,react-material-components-web,https://github.com/react-mdc/react-material-components-web,184,120.0,material-design
388,Y3Vyc29yOjM4OQ==,TheCodeMonks/Notzz-App,Notzz-App,https://github.com/TheCodeMonks/Notzz-App,181,0.0,material-design
389,Y3Vyc29yOjM5MA==,dimitropoulos/react-ui-roundup,react-ui-roundup,https://github.com/dimitropoulos/react-ui-roundup,180,312.0,material-design
390,Y3Vyc29yOjM5MQ==,web-ridge/react-native-paper-dates,react-native-paper-dates,https://github.com/web-ridge/react-native-paper-dates,180,120.0,material-design
391,Y3Vyc29yOjM5Mg==,developit/preact-mdl,preact-mdl,https://github.com/developit/preact-mdl,179,24.0,material-design
392,Y3Vyc29yOjM5Mw==,msasikanth/ColorSheet,ColorSheet,https://github.com/msasikanth/ColorSheet,179,2436.0,material-design
393,Y3Vyc29yOjM5NA==,Salby/morpheus,morpheus,https://github.com/Salby/morpheus,177,168.0,material-design
394,Y3Vyc29yOjM5NQ==,samthor/rippleJS,rippleJS,https://github.com/samthor/rippleJS,177,792.0,material-design
395,Y3Vyc29yOjM5Ng==,themefisher/kross-hugo,kross-hugo,https://github.com/themefisher/kross-hugo,175,72.0,material-design
396,Y3Vyc29yOjM5Nw==,leoelstin/flutter_kart,flutter_kart,https://github.com/leoelstin/flutter_kart,174,,material-design
397,Y3Vyc29yOjM5OA==,adminfaces/admin-template,admin-template,https://github.com/adminfaces/admin-template,170,0.0,material-design
398,Y3Vyc29yOjM5OQ==,TheKhaeng/material-design-guideline,material-design-guideline,https://github.com/TheKhaeng/material-design-guideline,170,,material-design
399,Y3Vyc29yOjQwMA==,PatilShreyas/MaterialNavigationView-Android,MaterialNavigationView-Android,https://github.com/PatilShreyas/MaterialNavigationView-Android,170,84.0,material-design
400,Y3Vyc29yOjQwMQ==,Eajy/MaterialDesign2,MaterialDesign2,https://github.com/Eajy/MaterialDesign2,170,,material-design
401,Y3Vyc29yOjQwMg==,Templarian/MaterialDesign-SVG,MaterialDesign-SVG,https://github.com/Templarian/MaterialDesign-SVG,168,240.0,material-design
402,Y3Vyc29yOjQwMw==,ChasakisD/Xamarin.Forms.BackgroundKit,Xamarin.Forms.BackgroundKit,https://github.com/ChasakisD/Xamarin.Forms.BackgroundKit,167,264.0,material-design
403,Y3Vyc29yOjQwNA==,Halyul/hexo-theme-mdui,hexo-theme-mdui,https://github.com/Halyul/hexo-theme-mdui,167,24.0,material-design
404,Y3Vyc29yOjQwNQ==,sfeir-open-source/angular-search-experience,angular-search-experience,https://github.com/sfeir-open-source/angular-search-experience,167,732.0,material-design
405,Y3Vyc29yOjQwNg==,syncfusion/ej2-react-ui-components,ej2-react-ui-components,https://github.com/syncfusion/ej2-react-ui-components,167,4680.0,material-design
406,Y3Vyc29yOjQwNw==,stratos-vetsos/react-selectrix,react-selectrix,https://github.com/stratos-vetsos/react-selectrix,166,48.0,material-design
407,Y3Vyc29yOjQwOA==,estevez-dev/ha_client,ha_client,https://github.com/estevez-dev/ha_client,166,84.0,material-design
408,Y3Vyc29yOjQwOQ==,kangdp/WanAndroid,WanAndroid,https://github.com/kangdp/WanAndroid,166,72.0,material-design
409,Y3Vyc29yOjQxMA==,chnouman/AwesomeDialog,AwesomeDialog,https://github.com/chnouman/AwesomeDialog,165,288.0,material-design
410,Y3Vyc29yOjQxMQ==,Cutta/MaterialTransitionAnimation,MaterialTransitionAnimation,https://github.com/Cutta/MaterialTransitionAnimation,165,0.0,material-design
411,Y3Vyc29yOjQxMg==,jameshamann/jekyll-material-theme,jekyll-material-theme,https://github.com/jameshamann/jekyll-material-theme,165,48.0,material-design
412,Y3Vyc29yOjQxMw==,c0de-wizard/motion-layout-playground,motion-layout-playground,https://github.com/c0de-wizard/motion-layout-playground,164,48.0,material-design
413,Y3Vyc29yOjQxNA==,hyojin/material-ui-datatables,material-ui-datatables,https://github.com/hyojin/material-ui-datatables,163,336.0,material-design
414,Y3Vyc29yOjQxNQ==,MicroDroid/vue-materialize-datatable,vue-materialize-datatable,https://github.com/MicroDroid/vue-materialize-datatable,162,48.0,material-design
415,Y3Vyc29yOjQxNg==,vincentmorneau/material-apex,material-apex,https://github.com/vincentmorneau/material-apex,162,408.0,material-design
416,Y3Vyc29yOjQxNw==,jamie-mh/AuthenticatorPro,AuthenticatorPro,https://github.com/jamie-mh/AuthenticatorPro,162,24.0,material-design
417,Y3Vyc29yOjQxOA==,syncfusion/ej2-angular-ui-components,ej2-angular-ui-components,https://github.com/syncfusion/ej2-angular-ui-components,162,3648.0,material-design
418,Y3Vyc29yOjQxOQ==,michael-rapp/AndroidMaterialDialog,AndroidMaterialDialog,https://github.com/michael-rapp/AndroidMaterialDialog,161,24.0,material-design
419,Y3Vyc29yOjQyMA==,PotatoProject/Leaflet,Leaflet,https://github.com/PotatoProject/Leaflet,161,0.0,material-design
420,Y3Vyc29yOjQyMQ==,davidgaroro/vuetify-todo-pwa,vuetify-todo-pwa,https://github.com/davidgaroro/vuetify-todo-pwa,160,192.0,material-design
421,Y3Vyc29yOjQyMg==,hotforfeature/origami,origami,https://github.com/hotforfeature/origami,159,132.0,material-design
422,Y3Vyc29yOjQyMw==,qwqcode/Nacollector,Nacollector,https://github.com/qwqcode/Nacollector,158,24.0,material-design
423,Y3Vyc29yOjQyNA==,mayneyao/gine-blog,gine-blog,https://github.com/mayneyao/gine-blog,157,72.0,material-design
424,Y3Vyc29yOjQyNQ==,hipster-labs/generator-jhipster-react,generator-jhipster-react,https://github.com/hipster-labs/generator-jhipster-react,155,2112.0,material-design
425,Y3Vyc29yOjQyNg==,codefine/hexo-theme-mellow,hexo-theme-mellow,https://github.com/codefine/hexo-theme-mellow,154,96.0,material-design
426,Y3Vyc29yOjQyNw==,manolo/gwt-polymer-elements,gwt-polymer-elements,https://github.com/manolo/gwt-polymer-elements,153,912.0,material-design
427,Y3Vyc29yOjQyOA==,msfjarvis/viscerion,viscerion,https://github.com/msfjarvis/viscerion,152,60.0,material-design
428,Y3Vyc29yOjQyOQ==,haroldadmin/MoonShot,MoonShot,https://github.com/haroldadmin/MoonShot,150,432.0,material-design
429,Y3Vyc29yOjQzMA==,PhilippeBoisney/Material,Material,https://github.com/PhilippeBoisney/Material,149,,material-design
430,Y3Vyc29yOjQzMQ==,PinkyJie/angular1-webpack-starter,angular1-webpack-starter,https://github.com/PinkyJie/angular1-webpack-starter,148,492.0,material-design
431,Y3Vyc29yOjQzMg==,crowdresearch/daemo,daemo,https://github.com/crowdresearch/daemo,148,3780.0,material-design
432,Y3Vyc29yOjQzMw==,4face-studi0/MaterialBottomBar,MaterialBottomBar,https://github.com/4face-studi0/MaterialBottomBar,148,0.0,material-design
433,Y3Vyc29yOjQzNA==,softvar/translatr,translatr,https://github.com/softvar/translatr,146,528.0,material-design
434,Y3Vyc29yOjQzNQ==,gurghet/vue-smart-table,vue-smart-table,https://github.com/gurghet/vue-smart-table,145,0.0,material-design
435,Y3Vyc29yOjQzNg==,JonasWanke/timetable,timetable,https://github.com/JonasWanke/timetable,145,36.0,material-design
436,Y3Vyc29yOjQzNw==,Eajy/flutter_demo,flutter_demo,https://github.com/Eajy/flutter_demo,144,,material-design
437,Y3Vyc29yOjQzOA==,KeJunMao/jekyll-theme-mdui,jekyll-theme-mdui,https://github.com/KeJunMao/jekyll-theme-mdui,143,48.0,material-design
438,Y3Vyc29yOjQzOQ==,zhanghai/MaterialEditText,MaterialEditText,https://github.com/zhanghai/MaterialEditText,143,432.0,material-design
439,Y3Vyc29yOjQ0MA==,cpacm/MoeMusic,MoeMusic,https://github.com/cpacm/MoeMusic,143,1968.0,material-design
440,Y3Vyc29yOjQ0MQ==,src-zone/material,material,https://github.com/src-zone/material,143,48.0,material-design
441,Y3Vyc29yOjQ0Mg==,ciscorucinski/ChroMATERIAL,ChroMATERIAL,https://github.com/ciscorucinski/ChroMATERIAL,143,264.0,material-design
442,Y3Vyc29yOjQ0Mw==,nethruster/ptemplate,ptemplate,https://github.com/nethruster/ptemplate,143,60.0,material-design
443,Y3Vyc29yOjQ0NA==,pkjvit/Android-Multi-Theme-UI,Android-Multi-Theme-UI,https://github.com/pkjvit/Android-Multi-Theme-UI,142,84.0,material-design
444,Y3Vyc29yOjQ0NQ==,creativetimofficial/nextjs-material-kit,nextjs-material-kit,https://github.com/creativetimofficial/nextjs-material-kit,142,1104.0,material-design
445,Y3Vyc29yOjQ0Ng==,rm3l/maoni,maoni,https://github.com/rm3l/maoni,142,0.0,material-design
446,Y3Vyc29yOjQ0Nw==,YassinAJDI/PopularMovies,PopularMovies,https://github.com/YassinAJDI/PopularMovies,142,2544.0,material-design
447,Y3Vyc29yOjQ0OA==,danimahardhika/cafebar,cafebar,https://github.com/danimahardhika/cafebar,141,0.0,material-design
448,Y3Vyc29yOjQ0OQ==,DominoKit/domino-ui,domino-ui,https://github.com/DominoKit/domino-ui,140,96.0,material-design
449,Y3Vyc29yOjQ1MA==,sidevesh/react-native-snackbar-component,react-native-snackbar-component,https://github.com/sidevesh/react-native-snackbar-component,137,780.0,material-design
450,Y3Vyc29yOjQ1MQ==,balmjs/balm-ui,balm-ui,https://github.com/balmjs/balm-ui,137,240.0,material-design
451,Y3Vyc29yOjQ1Mg==,pedromassango/IBackdrop,IBackdrop,https://github.com/pedromassango/IBackdrop,137,96.0,material-design
452,Y3Vyc29yOjQ1Mw==,BlazorExtensions/BlazorMaterial,BlazorMaterial,https://github.com/BlazorExtensions/BlazorMaterial,136,3408.0,material-design
453,Y3Vyc29yOjQ1NA==,eugenebrusov/android-cards,android-cards,https://github.com/eugenebrusov/android-cards,136,0.0,material-design
454,Y3Vyc29yOjQ1NQ==,emre1512/Noty,Noty,https://github.com/emre1512/Noty,136,0.0,material-design
455,Y3Vyc29yOjQ1Ng==,angular-material-extensions/google-maps-autocomplete,google-maps-autocomplete,https://github.com/angular-material-extensions/google-maps-autocomplete,135,828.0,material-design
456,Y3Vyc29yOjQ1Nw==,adminfaces/admin-theme,admin-theme,https://github.com/adminfaces/admin-theme,135,0.0,material-design
457,Y3Vyc29yOjQ1OA==,danmaqua/danmaqua-android,danmaqua-android,https://github.com/danmaqua/danmaqua-android,135,72.0,material-design
458,Y3Vyc29yOjQ1OQ==,hectahertz/react-native-material-dialog,react-native-material-dialog,https://github.com/hectahertz/react-native-material-dialog,135,48.0,material-design
459,Y3Vyc29yOjQ2MA==,ywwynm/EverythingDone,EverythingDone,https://github.com/ywwynm/EverythingDone,134,144.0,material-design
460,Y3Vyc29yOjQ2MQ==,JoesWeek/Cnblogs,Cnblogs,https://github.com/JoesWeek/Cnblogs,134,756.0,material-design
461,Y3Vyc29yOjQ2Mg==,AvaloniaUtils/material.avalonia,material.avalonia,https://github.com/AvaloniaUtils/material.avalonia,134,120.0,material-design
462,Y3Vyc29yOjQ2Mw==,mishushakov/dialogflow-web,dialogflow-web,https://github.com/mishushakov/dialogflow-web,134,,material-design
463,Y3Vyc29yOjQ2NA==,nstudio/nativescript-floatingactionbutton,nativescript-floatingactionbutton,https://github.com/nstudio/nativescript-floatingactionbutton,133,108.0,material-design
464,Y3Vyc29yOjQ2NQ==,WakeHao/NavBar,NavBar,https://github.com/WakeHao/NavBar,132,432.0,material-design
465,Y3Vyc29yOjQ2Ng==,pranavpandey/dynamic-toasts,dynamic-toasts,https://github.com/pranavpandey/dynamic-toasts,132,12.0,material-design
466,Y3Vyc29yOjQ2Nw==,Shashank02051997/Shotang-App,Shotang-App,https://github.com/Shashank02051997/Shotang-App,132,,material-design
467,Y3Vyc29yOjQ2OA==,jxnblk/rmdi,rmdi,https://github.com/jxnblk/rmdi,132,6336.0,material-design
468,Y3Vyc29yOjQ2OQ==,VladThodo/behe-keyboard,behe-keyboard,https://github.com/VladThodo/behe-keyboard,130,840.0,material-design
469,Y3Vyc29yOjQ3MA==,materialos/android-icon-pack,android-icon-pack,https://github.com/materialos/android-icon-pack,130,528.0,material-design
470,Y3Vyc29yOjQ3MQ==,bencompton/framework7-react,framework7-react,https://github.com/bencompton/framework7-react,130,,material-design
471,Y3Vyc29yOjQ3Mg==,prevwong/drooltip.js,drooltip.js,https://github.com/prevwong/drooltip.js,129,8712.0,material-design
472,Y3Vyc29yOjQ3Mw==,ziofat/material_design_icons_flutter,material_design_icons_flutter,https://github.com/ziofat/material_design_icons_flutter,129,48.0,material-design
473,Y3Vyc29yOjQ3NA==,shuiRong/TodayX,TodayX,https://github.com/shuiRong/TodayX,129,108.0,material-design
474,Y3Vyc29yOjQ3NQ==,jonathantribouharet/JTMaterialSpinner,JTMaterialSpinner,https://github.com/jonathantribouharet/JTMaterialSpinner,128,4596.0,material-design
475,Y3Vyc29yOjQ3Ng==,liutian/light-push,light-push,https://github.com/liutian/light-push,128,840.0,material-design
476,Y3Vyc29yOjQ3Nw==,TeamWertarbyte/material-ui-time-picker,material-ui-time-picker,https://github.com/TeamWertarbyte/material-ui-time-picker,126,96.0,material-design
477,Y3Vyc29yOjQ3OA==,hypeapps/episodie,episodie,https://github.com/hypeapps/episodie,126,192.0,material-design
478,Y3Vyc29yOjQ3OQ==,tagliala/vectoriconsroundup,vectoriconsroundup,https://github.com/tagliala/vectoriconsroundup,126,336.0,material-design
479,Y3Vyc29yOjQ4MA==,hyperspacedev/hyperspace,hyperspace,https://github.com/hyperspacedev/hyperspace,126,216.0,material-design
480,Y3Vyc29yOjQ4MQ==,ThomasTJdev/nim_websitecreator,nim_websitecreator,https://github.com/ThomasTJdev/nim_websitecreator,125,120.0,material-design
481,Y3Vyc29yOjQ4Mg==,mahdizakizadeh/shifting_tabbar,shifting_tabbar,https://github.com/mahdizakizadeh/shifting_tabbar,124,96.0,material-design
482,Y3Vyc29yOjQ4Mw==,creativetimofficial/ct-material-kit-pro,ct-material-kit-pro,https://github.com/creativetimofficial/ct-material-kit-pro,124,2232.0,material-design
483,Y3Vyc29yOjQ4NA==,zhangsr/Feeder2,Feeder2,https://github.com/zhangsr/Feeder2,124,,material-design
484,Y3Vyc29yOjQ4NQ==,Spikeysanju/Wiggles,Wiggles,https://github.com/Spikeysanju/Wiggles,123,0.0,material-design
485,Y3Vyc29yOjQ4Ng==,jiangzepeng/MaterialAnim,MaterialAnim,https://github.com/jiangzepeng/MaterialAnim,123,,material-design
486,Y3Vyc29yOjQ4Nw==,bernaferrari/SDKMonitor,SDKMonitor,https://github.com/bernaferrari/SDKMonitor,122,624.0,material-design
487,Y3Vyc29yOjQ4OA==,hluhovskyi/CameraButton,CameraButton,https://github.com/hluhovskyi/CameraButton,121,48.0,material-design
488,Y3Vyc29yOjQ4OQ==,pdliuw/flutter_app_sample,flutter_app_sample,https://github.com/pdliuw/flutter_app_sample,120,2688.0,material-design
489,Y3Vyc29yOjQ5MA==,ApoorvSaxena/colordrop,colordrop,https://github.com/ApoorvSaxena/colordrop,120,20352.0,material-design
490,Y3Vyc29yOjQ5MQ==,affilnost/angular5-example-shopping-app,angular5-example-shopping-app,https://github.com/affilnost/angular5-example-shopping-app,120,,material-design
491,Y3Vyc29yOjQ5Mg==,StephenVinouze/MaterialNumberPicker,MaterialNumberPicker,https://github.com/StephenVinouze/MaterialNumberPicker,120,204.0,material-design
492,Y3Vyc29yOjQ5Mw==,hartwork/jawanndenn,jawanndenn,https://github.com/hartwork/jawanndenn,120,216.0,material-design
493,Y3Vyc29yOjQ5NA==,SimformSolutionsPvtLtd/SSCustomEditTextOutLineBorder,SSCustomEditTextOutLineBorder,https://github.com/SimformSolutionsPvtLtd/SSCustomEditTextOutLineBorder,119,516.0,material-design
494,Y3Vyc29yOjQ5NQ==,webaddicted/Flutter-Movies4U,Flutter-Movies4U,https://github.com/webaddicted/Flutter-Movies4U,119,48.0,material-design
495,Y3Vyc29yOjQ5Ng==,ServiceStack/ServiceStackVS,ServiceStackVS,https://github.com/ServiceStack/ServiceStackVS,117,,material-design
496,Y3Vyc29yOjQ5Nw==,Kamshak/BrainPhaser,BrainPhaser,https://github.com/Kamshak/BrainPhaser,117,24.0,material-design
497,Y3Vyc29yOjQ5OA==,davidgaroro/vuetify-swipeout,vuetify-swipeout,https://github.com/davidgaroro/vuetify-swipeout,117,672.0,material-design
498,Y3Vyc29yOjQ5OQ==,tunjid/teammate-android,teammate-android,https://github.com/tunjid/teammate-android,116,,material-design
499,Y3Vyc29yOjUwMA==,hiteshsahu/Material-UpVote,Material-UpVote,https://github.com/hiteshsahu/Material-UpVote,116,,material-design
500,Y3Vyc29yOjUwMQ==,cesarferreira/MaterialComponent.Banner,MaterialComponent.Banner,https://github.com/cesarferreira/MaterialComponent.Banner,116,36.0,material-design
501,Y3Vyc29yOjUwMg==,fennifith/Attribouter,Attribouter,https://github.com/fennifith/Attribouter,116,84.0,material-design
502,Y3Vyc29yOjUwMw==,florent37/EnhancedNavigationView,EnhancedNavigationView,https://github.com/florent37/EnhancedNavigationView,116,,material-design
503,Y3Vyc29yOjUwNA==,flipflop97/Mato,Mato,https://github.com/flipflop97/Mato,116,552.0,material-design
504,Y3Vyc29yOjUwNQ==,edelstone/material-palette-generator,material-palette-generator,https://github.com/edelstone/material-palette-generator,116,1104.0,material-design
505,Y3Vyc29yOjUwNg==,twskj/pretty-swag,pretty-swag,https://github.com/twskj/pretty-swag,115,132.0,material-design
506,Y3Vyc29yOjUwNw==,HTMLElements/smart-webcomponents,smart-webcomponents,https://github.com/HTMLElements/smart-webcomponents,115,504.0,material-design
507,Y3Vyc29yOjUwOA==,side-codes/andColorPicker,andColorPicker,https://github.com/side-codes/andColorPicker,114,24.0,material-design
508,Y3Vyc29yOjUwOQ==,heinrichreimer/android-issue-reporter,android-issue-reporter,https://github.com/heinrichreimer/android-issue-reporter,113,24.0,material-design
509,Y3Vyc29yOjUxMA==,leifoolsen/mdl-ext,mdl-ext,https://github.com/leifoolsen/mdl-ext,112,24.0,material-design
510,Y3Vyc29yOjUxMQ==,felixlucien/flutter-autocomplete-textfield,flutter-autocomplete-textfield,https://github.com/felixlucien/flutter-autocomplete-textfield,112,156.0,material-design
511,Y3Vyc29yOjUxMg==,sidevesh/react-native-material-cards,react-native-material-cards,https://github.com/sidevesh/react-native-material-cards,111,2976.0,material-design
512,Y3Vyc29yOjUxMw==,joielechong/MaterialFancyButtons,MaterialFancyButtons,https://github.com/joielechong/MaterialFancyButtons,111,13068.0,material-design
513,Y3Vyc29yOjUxNA==,franmontiel/FullScreenDialog,FullScreenDialog,https://github.com/franmontiel/FullScreenDialog,110,1104.0,material-design
514,Y3Vyc29yOjUxNQ==,Shivamdhuria/flows_guide,flows_guide,https://github.com/Shivamdhuria/flows_guide,110,,material-design
515,Y3Vyc29yOjUxNg==,Chivorns/SmartMaterialSpinner,SmartMaterialSpinner,https://github.com/Chivorns/SmartMaterialSpinner,110,2184.0,material-design
516,Y3Vyc29yOjUxNw==,michaeldoye/mat-progress-buttons,mat-progress-buttons,https://github.com/michaeldoye/mat-progress-buttons,110,528.0,material-design
517,Y3Vyc29yOjUxOA==,materialos/icons,icons,https://github.com/materialos/icons,110,1560.0,material-design
518,Y3Vyc29yOjUxOQ==,nspavlo/MaterialActivityIndicator,MaterialActivityIndicator,https://github.com/nspavlo/MaterialActivityIndicator,109,444.0,material-design
519,Y3Vyc29yOjUyMA==,TheRealJAG/Laravel-QuestionAnswer,Laravel-QuestionAnswer,https://github.com/TheRealJAG/Laravel-QuestionAnswer,109,96.0,material-design
520,Y3Vyc29yOjUyMQ==,tiper/MaterialSpinner,MaterialSpinner,https://github.com/tiper/MaterialSpinner,108,84.0,material-design
521,Y3Vyc29yOjUyMg==,johnyanarella/MaterialDesignColorPicker,MaterialDesignColorPicker,https://github.com/johnyanarella/MaterialDesignColorPicker,108,21312.0,material-design
522,Y3Vyc29yOjUyMw==,sebastianhaas/medical-appointment-scheduling,medical-appointment-scheduling,https://github.com/sebastianhaas/medical-appointment-scheduling,108,72.0,material-design
523,Y3Vyc29yOjUyNA==,iRoachie/react-native-material-tabs,react-native-material-tabs,https://github.com/iRoachie/react-native-material-tabs,108,72.0,material-design
524,Y3Vyc29yOjUyNQ==,robertlevonyan/materialExpansionPanel,materialExpansionPanel,https://github.com/robertlevonyan/materialExpansionPanel,107,1836.0,material-design
525,Y3Vyc29yOjUyNg==,mono0926/adaptive_dialog,adaptive_dialog,https://github.com/mono0926/adaptive_dialog,107,24.0,material-design
526,Y3Vyc29yOjUyNw==,rakuishi/todo-android,todo-android,https://github.com/rakuishi/todo-android,107,336.0,material-design
527,Y3Vyc29yOjUyOA==,wangfeng19930909/youqu_master,youqu_master,https://github.com/wangfeng19930909/youqu_master,107,144.0,material-design
528,Y3Vyc29yOjUyOQ==,manufont/react-swipeable-bottom-sheet,react-swipeable-bottom-sheet,https://github.com/manufont/react-swipeable-bottom-sheet,106,12.0,material-design
529,Y3Vyc29yOjUzMA==,robertlevonyan/MediaPicker,MediaPicker,https://github.com/robertlevonyan/MediaPicker,106,3792.0,material-design
530,Y3Vyc29yOjUzMQ==,developer-shivam/PentagonFloatingActionButton,PentagonFloatingActionButton,https://github.com/developer-shivam/PentagonFloatingActionButton,106,96.0,material-design
531,Y3Vyc29yOjUzMg==,ChinaLHR/JianDou,JianDou,https://github.com/ChinaLHR/JianDou,104,,material-design
532,Y3Vyc29yOjUzMw==,long1eu/material_pickers,material_pickers,https://github.com/long1eu/material_pickers,104,144.0,material-design
533,Y3Vyc29yOjUzNA==,haroldadmin/MovieDB,MovieDB,https://github.com/haroldadmin/MovieDB,103,816.0,material-design
534,Y3Vyc29yOjUzNQ==,FranRiadigos/Android-Material-Avatar,Android-Material-Avatar,https://github.com/FranRiadigos/Android-Material-Avatar,102,,material-design
535,Y3Vyc29yOjUzNg==,7rajatgupta/CardView,CardView,https://github.com/7rajatgupta/CardView,102,4704.0,material-design
536,Y3Vyc29yOjUzNw==,material-foundation/material-remixer-ios,material-remixer-ios,https://github.com/material-foundation/material-remixer-ios,101,192.0,material-design
537,Y3Vyc29yOjUzOA==,react-melon/melon,melon,https://github.com/react-melon/melon,101,0.0,material-design
538,Y3Vyc29yOjUzOQ==,ilhammeidi/boss-lite,boss-lite,https://github.com/ilhammeidi/boss-lite,101,,material-design
