name,answered,questions
material-ui,529,1000
awesome-react-components,0,0
react-virtualized,22,83
enzyme,397,970
react-native-web,59,166
chakra-ui,7,18
Semantic-UI-React,103,207
fluentui,0,0
ant-design-mobile,0,0
rebass,3,7
baseweb,3,3
structor,0,0
nteract,0,0
rsuite,3,6
mobx-react,86,172
react_on_rails,3,7
react-spectrum,0,0
reactivesearch,2,18
beautiful-react-hooks,0,0
react-native-keyboard-aware-scroll-view,0,0
ant-motion,0,0
airframe-react,0,0
js-lingui,0,0
react-flexbox-grid,1,1
react-weui,0,0
element-react,0,0
react-image-gallery,0,0
slider,313,850
reactour,0,0
griffith,0,0
video-react,0,0
react-awesome-slider,0,0
react-reveal,0,0
primereact,30,59
tabler-react,0,0
react,623,1000
devextreme-reactive,0,0
react-rainbow,2,2
advanced-react-patterns,0,0
mui-treasury,0,0
rough-charts,0,0
react-cropper,0,0
react-feather,0,0
uniforms,0,0
react-uwp,0,0
awesome-uikit,0,0
expenses,0,0
react-bulma-components,0,0
react-inlinesvg,0,0
react-absolute-grid,0,0
create-component-app,0,0
react-rewards,0,0
zarm,0,0
wix-style-react,0,0
awesome-ui-component-library,0,0
react-awesome-query-builder,0,0
react-facebook,0,0
react-bluekit,0,0
react-vertical-timeline,0,0
react-decoration,0,0
pivotal-ui,0,0
circuit-ui,0,0
cj-upload,0,0
react-chat-elements,0,0
react-foundation,0,0
light-bootstrap-dashboard-react,0,0
storybook-addon-material-ui,0,0
react-viewer,0,0
Graphin,0,0
react-recipes,0,0
CP-DESIGN,0,0
reactochart,0,0
patternfly-react,0,0
react-bulma,0,0
vscode-es7-javascript-react-snippets,0,0
buffet,0,0
react-chat-ui,0,0
cloudinary-react,0,0
react-jsx-parser,0,0
recipes-app-react-native,0,0
bem-react,0,0
react-key-handler,0,0
rimble-ui,0,0
sancho,0,0
hiui,0,0
react-awesome-reveal,0,0
qier-player,0,0
react-string-replace,0,0
Re-Flex,0,0
reaptcha,0,0
React-Scope,0,0
chakra-ui,7,18
react-js-pagination,0,0
eo-locale,0,0
react-shortcuts,0,0
react-native-pagination,0,0
hyper-react,0,0
formsy-react-components,0,0
reactackle,0,0
react-recomponent,0,0
react-event-components,0,0
flawwwless-ui,0,0
operational-ui,0,0
spinners-react,0,0
react-arcgis,0,0
coreui-react,0,0
react-minimal-pie-chart,0,0
react-coroutine,0,0
GitHubPopular-SJ,0,0
hx,0,0
React-Native_demo,0,0
react-npm-boilerplate,0,0
tailwind-react-ui,0,0
Yoshino,0,0
notus-react,0,0
react-ui-library-tutorial,0,0
react-vtree,0,0
nano-component,0,0
styled-bootstrap-components,0,0
react-materials,0,0
modali,0,0
react-components,0,0
enact,0,0
react-native-performance-monitor,0,0
react-player-controls,0,0
ej2-react-ui-components,0,0
materials,0,0
terra-core,0,0
react-rough,0,0
react-spinners-kit,0,0
react-live-chat-loader,0,0
react-formik-ui,0,0
styled-bootstrap,0,0
shine-design,0,0
react-code-blocks,0,0
react-stylesheet,0,0
extract-react-types,0,0
fundamental-react,0,0
react-border-wrapper,0,0
Synergy,0,0
forma-36,0,0
react-step-progress-bar,0,0
style-guide,0,0
styleguide,0,0
gojs-react,0,0
react-free-style,0,0
react-component-depot,0,0
react-json-schema,0,0
React-Splitters,0,0
react-trumbowyg,0,0
rxjs-diagrams,0,0
orama,0,0
react-workshop,0,0
react-structured-data,0,0
gatsby-docs-kit,0,0
Gakki,0,0
fluent-windows,0,0
react-vimeo,0,0
react-lazy,0,0
block-content-to-react,0,0
component-docs,0,0
react-native-image-slider-box,0,0
bloc.js,0,0
react-native-firebase-chat,0,0
label-studio-frontend,0,0
react-darkreader,0,0
jafar,0,0
ui,434,1000
re-jok,0,0
dataformsjs,0,0
react-jwt-auth,0,0
ReactJS-Projects,0,0
md-components,0,0
ui,434,1000
opentok-react,0,0
reactist,0,0
breezy,0,1
react-pinpoint,0,0
react-cassette-player,0,0
Registration-and-Login-using-MERN-stack,0,0
react-showdown,0,0
resource-center,0,0
react-switch-button,0,0
jest-puppe-shots,0,0
react-functional-select,0,0
react-gridsheet,0,0
nextjs-admin-template,0,0
neumorphic-ui,0,0
reactjs-portfolio,0,0
jsonx,0,1
humaaans,0,0
guitar-editor,0,0
aurora,17,42
react-native-rheostat,0,0
react-component,272,456
react-evil-icons,0,0
react-policies,0,0
boilerplate.react.spa.full-server,0,0
markdown-component-loader,0,0
react-tabbordion,0,0
shared-react-components-example,0,0
delete-react-zombies,0,0
msvgc,0,0
sui-components,0,0
snappify,0,0
liferay.design,0,0
react-ions,0,0
socket.io-react,0,0
pulse-editor,0,0
styled-ui,0,0
react-xmasonry,0,0
lightbox-react,0,0
cra-template-typescript-redux,0,0
react-movies-app,0,0
quarkify,0,0
matchbox,0,0
react-component-lib,0,0
react-spectre,0,0
terra-clinical,0,0
airr-react,0,0
react-sidemenu,0,0
terra-framework,0,0
react-cssom,0,0
beautiful-react-ui,0,0
Deep-Viz,0,0
react-carousel-3d,0,0
paragon,0,0
counter-app,0,0
react-uikits,0,0
react-form-controlled,0,0
komponentit,0,0
react-native-header-animation,0,0
react-iconly,0,0
react-bscroll,0,0
react-background-video-player,0,0
fork-ui,0,0
react-components,0,0
lerna-starter,0,0
react-circle-slider,0,0
MetFlix,0,0
material-webcomponents,0,0
animexninja,0,0
deer-ui,0,0
mern-admin-panel,0,0
web-audio-fft-visualization-with-react-hooks,0,0
ylem,0,0
should-enzyme,0,0
react-multiversal,0,0
react-scaffolder,0,0
axiom-react,0,0
react-yui,0,0
caple-design-system,0,0
landricks-components,0,0
helloBooks,0,0
rsuite.github.io,0,0
react-expandable-listview,0,0
Reactrix,0,0
react-login-signup-ui-template,0,0
fyndiq-ui,0,0
clair,3,8
kitten,0,0
watson-speech-translator,0,0
beautiful-react-ui-components,0,0
React-Interview-Questions,0,0
Mosque-Screen,0,0
light-ui,0,0
React-Native-Showcase,0,0
URL-Shortener,6,20
netflix_landing-page,0,0
vue-react,0,0
react-atlas,0,0
OpenTrivia,0,0
git-commands,577,1000
react-recurly,0,0
react-component-maker,0,0
babel-plugin-transform-react-qa-classes,0,0
react-remark,0,0
furl,0,0
react-nes,0,0
Covid_19_tracker,0,0
dumb-bem,0,0
book-fullstack-react,0,0
react-thanos-snap,0,0
react-kakao-maps,0,0
react-simple-image,0,0
react-masonry-responsive,0,0
insites-ui,0,0
react-components,0,0
is-react,0,0
react-gridforms,0,0
NE-Component,0,0
react-native-spacing-system,0,0
react-bmapgl,0,0
material-ui-number-input,0,0
gypcrete,0,0
react-image-resizer,0,0
universal-react-webpack-boilerplate,0,0
recyclerlistview-gridlayoutprovider,0,0
ui,434,1000
django-react,9,23
jsx-test,0,0
sha-el-design,0,0
react-circular-color,0,0
folo,0,0
frontend-toolbox,0,0
react-lds,0,0
clarity-react,0,0
react-sanctum,0,0
backbone.react-bridge,0,0
kedro-ui,0,0
react-sample-projects,0,0
react-component-organization-example,0,0
fluxible-immutable-utils,0,0
react-image-and-background-image-fade,0,0
uno-react,0,0
tincture,0,0
trot,0,0
awesome-neumorphism,0,0
uno-material-ui,0,0
react-native-snippet,0,0
git-issue-react-electronjs,0,0
cnode-react,0,0
Purple-React,0,0
react-animated-term,0,0
lundium,0,0
rc-knob,0,0
effect-dropdown-react,0,0
react-qrcodes,0,0
rea11y,0,0
image-labeler-react,0,0
af-virtual-scroll,0,0
list-react-files,0,0
react-native-menu-bar,0,0
react-native-boilerplate,0,0
Mern-Stack-Crud-App,0,0
sdk-react,0,0
React-Jupyter-Viewer,0,0
Capture-Emails-with-Django-and-React.js,0,0
react-native-storybook-boilerplate,0,0
adevinta-spain-components,0,0
material-react-components,0,0
react-ui-components,0,0
alcedo-ui,0,0
klyva,0,0
react-hex,0,0
react-e-commerce-website,0,0
shared-components,0,0
react-list-lazy-load,0,0
kilvin,0,0
sarif-web-component,0,0
Stardust,0,0
Cover-Hack,0,0
React_Quiz_app,0,0
bbcode-to-react,0,0
react-virtualized-sectionlist,0,0
react-parm,0,0
string-replace-to-array,0,0
base,66,104
yoast-components,0,0
QuickFabric,0,0
reactivebase,0,0
react-tree,0,0
react-components,0,0
react-inky,0,0
tic-tac-toe-game-using-bit,0,0
create-react-component,0,0
ui-kit,0,0
react-goodshare-components,0,0
modular-toolkit,0,0
dash-flexbox-grid,0,0
dashkit-ui,0,0
react-bootstrap4-form-validation,0,0
vis-ui,0,0
react-skillbars,0,0
react-movies,0,0
teatime-components,0,0
suomifi-ui-components,0,0
untangled-ui,0,0
RN-ExpandableText,0,0
lighthouse,80,214
React_Native_Food_Order_App,0,0
Prodotype,0,0
react-font-face,0,0
design-system,0,0
react-use-hubspot-form,0,0
react-fundamentals,0,0
basic-todo-app-using-bit,0,0
Fable.SemanticUI,0,0
react-is-in-viewport,0,0
react-theme,0,0
react-native-value-picker,0,0
react-awesome-datepicker-demo,0,0
KnitUI,0,0
representation,9,19
react-chord-generator,0,0
engage-ui,0,0
chayns-components,0,0
react-accessible-treeview,0,0
webapp,344,1000
akryl-core,0,0
predix-ui,0,0
vizz-components,0,0
fusion-components,0,0
antd-boilerplate,0,0
boilerplate-react-redux-pwa,0,0
smores-react,0,0
pwa-pos-terminal,0,0
megafon-ui,0,0
react-split,0,0
react-semantic-render,0,0
react-crud-icons,0,0
react-dailymotion,0,0
cathode,0,0
mint-ui,0,0
react-abstract-autocomplete,0,0
react-floki,0,0
wapps-components,0,0
reactsandbox,0,0
react-component-boilerplate,0,0
marp-react,0,0
react-redux-starter,0,0
Material,0,0
tvfocusmanage,0,0
ibot,0,0
react-todo,0,0
violin,0,0
tiny-ui,0,0
react-admin,224,568
Deep-Viz-Website,0,0
mui-tables,0,0
coderbox-atoms,0,0
awesome-web-react,0,0
formtron,0,0
react-to-do-app,0,0
react-laz-y,0,0
gravity,19,51
design-system,0,0
react-json-schema-builder,0,0
react-chat-renderer,0,0
catchy-watchy,0,0
react-dropdown-menu,0,0
react-scroll-view,0,0
react-redux-idle-monitor,0,0
babel-plugin-react-pug,0,0
Student---Teacher--management-System,0,0
react-sceneview,0,0
xtendui,0,0
react-gdpr-consent,0,0
react-chartjsx,0,0
react-legos,0,0
react-page-loading,0,0
esn_img,0,0
rover-ui,0,0
React-Chat,0,0
react-bdmap,0,0
core,231,587
testable,0,0
react-component-types,0,0
react-component-composition-example,0,0
regexify-string,0,0
components,468,1000
components,468,1000
slt-ui,0,0
mc-components,0,0
ReactComponentsLibraryBoilerplate,0,0
react-triangle,0,0
react-asset-loader,0,0
react-fake-code-typing,0,0
react-reusable-form-component,0,0
react-native-alert-view,0,0
GeekHub,0,0
react-handler-hooks,0,0
react-discord-message,0,0
rc-range-slider,0,0
orfium-ictinus,0,0
create-react-component,0,0
reactjs-example,0,0
react-cupertino,0,0
react-material-snackbar,0,0
agenda-front,0,0
hoi-poi-ui,0,0
audora-ui,0,0
react-frame-rate,0,0
react-scroll-lock,0,0
react-tabler-components,0,0
react-helper,0,0
react-doc-creator,0,0
numl-react,0,0
photu-app.github.io,0,0
RNOverlappingContainers,0,0
react-spa,0,0
React-Accordion,0,0
react-json-path-picker,0,0
magicsoup-stock,0,0
nebula,4,12
tigerspack,0,0
react-native-picker-checkbox,0,0
react-component-rollup-typescript-boilerplate,0,0
pure-react,0,0
json-reactform,0,0
apollo,398,1000
more-menu-react,0,0
software-engineer-website,0,0
redux-workshop,0,0
re-render,0,0
nuclui,0,0
webpage,588,1000
aha-react,0,0
react-help-desk,0,0
conventional-component,0,0
introduction-react,0,0
Food_Ordering_Application,0,0
React-Atlantic,0,0
React-Fullscreen-Slider-SimpleApp,0,0
react-ui-avatars,0,0
react-component-catalog,0,0
react-native-flags-kit,0,0
manishbisht.github.io,0,0
react-hex-engine,0,0
react-highlight-overlay,0,0
react-blink-text,0,0
component_wall,0,0
react-mobx-antd-mobile-h5-dmall2.0,0,0
react-date-primitives,0,0
nextify,0,0
nawikurdi,0,0
material-styled,0,0
horcrux,0,0
MultiSelectDropdownComponent,0,0
gradient-mui-button,0,0
react-components,0,0
solid-react-graphql-ld.js,0,0
react-string-replace-recursively,0,0
react-scaffolding,0,0
junipero,0,0
kentico-cloud-universal-react,0,0
react-clickout,0,0
react-media-responsive,0,0
react-chart.js,0,0
custom-react-big-calendar,0,0
Foodbots-app,0,0
react-native-bias-cell,0,0
reactivesearch,2,18
react-charts-and-maps,0,0
mystore,0,0
linode-react-components,0,0
react-select2-ts,0,0
ReactJS-Projects,0,0
regram,0,0
antd-mobile-web,0,0
kushy-react-sketchapp,0,0
React-QuietWater,0,0
react-grid-uploader,0,0
react-redux-sagas-boilerplate,0,0
iFunny,0,0
Password-Generator,14,18
React-Search-Bar,0,0
interactions,0,0
rcSearchSelect,0,0
react-native-auth-ui,0,0
ui,434,1000
iblis-ui,0,0
react-pluralsight-score,0,0
Consulta-CEP-React-Native,0,0
react-bulletproof-button,0,0
ReactTodoChromeExtention,0,0
react-promised,0,0
react-accordeon,0,0
meokisama.github.io,0,0
react-redux-router4,0,0
elementz-ui,0,0
regap,0,0
react-ref-manager,0,0
react-maria,0,0
react-avataaars,0,0
react-countries,0,0
react-mobx-antd-pc-dmall2.0,0,0
dash-devextreme,0,0
umich-lib-ui,0,0
smart-webcomponents-react,0,0
worldwind-react-globe-bs4,0,0
Pizza-Shop,0,0
ionic6-wordpress-react-app,0,0
synaptic-tuxedo,0,0
react-guidebook,0,0
react-footnotes,0,0
react-front-cli,0,0
be-the-hero,0,0
jeu-cv-react,0,0
react-template,0,0
modo-mobile,0,0
react-grid-easy,0,0
scheduler,109,364
react-building-modules,0,0
amazonStoreFront,0,0
react-doc-title,0,0
covid-racism-tracker,0,0
react-konamikey,0,0
react-float-tooltip,0,0
react-talk,0,0
reaction,0,0
react-triple-select-box,0,0
react-library-starter,0,0
react-cqtoolbox,0,0
design-system,0,0
react-onroutechanged,0,0
react-components-template,0,0
bamboo-ui,0,0
babel-plugin-transform-jsxz,0,0
react-component-swiper,0,0
hyperloop-showcase,0,0
darch,0,0
react-thrux,0,0
svg-to-react,0,0
React-Admin,224,568
MarioPlan-react-redux-firebase-app,0,0
apollo-11,0,0
create-jqwidgets-react-app,0,0
factory,121,239
okta-react-rating-example,0,0
chat-component-app-simple,0,0
react-calendar,0,2
React-OpenLayers,0,0
random-sms-web,0,0
smartcitizen-react-dashboard,0,0
templates,641,1000
ribs,0,0
react-injectable,0,0
react-dataviz,0,0
DreamsCoder-Examples,0,0
DIALUPSITE,0,0
chroma-react,0,0
raiding-react,0,0
wtfwl,0,0
Notency,0,0
kosmos-ui,0,0
react-lh,0,0
spotify-player,0,0
football-scores,0,0
pictogram,0,0
Artemis-Landing,0,0
reading-progress,0,0
react-explorer-web,0,0
bulmare,0,0
with-hooks-support,0,0
harvest-profit-ui,0,0
react-with-websocket,0,0
Reacthooks-example,0,0
native-tabs,0,0
spartan-ui,0,0
snippet-web,0,0
Learning-React-Notes,0,0
react-toolkit,0,0
react-svg-assets,0,0
football,0,0
react-native-border-radius-image,0,0
vault.crucible.gg,0,0
Lifecycle-Photostory,0,0
react-rethink-datepicker,0,0
sonnat-ui,0,0
fit-svg-text,0,0
widgets,416,1000
MERN-BUS-APP,0,0
clickable-prototype,0,0
codetogether-frontend,0,0
xtreme-react-lite,0,0
Basic-Flight-Reservation--ReactJs,0,0
react-components,0,0
react-advanced,0,0
react-component-template,0,0
react-github-buttons,0,0
react-vector-graphics,0,0
eoscr-components,0,0
React-practice-app-project-in-depth-guide,0,0
auth0-react-sketchapp,0,0
jrs-react-components,0,0
react-pianist,0,0
webpage,588,1000
Burger-ReactJS,0,0
react-uswds,0,0
react-citeproc,0,0
react-slack-app,0,0
react-demo-employee-search,0,0
Netflix-interface-with-React-Native,0,0
urbanData,0,0
neutrine,0,0
neumorphic-ui-docs,0,0
react-form-js,0,0
shopify-node-react-app,0,0
react-axios-tutorial,0,0
react-utils,0,0
fullstack-react-v2,0,0
react-component-widget,0,0
react-build,0,0
tiny-jsx,0,0
reflexy,0,0
express-react-middleware,0,0
covid19,0,0
chat-component-app-live-support,0,0
react-native-components-kit,0,0
starksten-ui,0,0
example-component-library,0,0
covid_19_tracker_app,0,0
onion-old,0,0
boilerplate-react-context-hooks,0,0
react-svg-meters,0,0
marquee,18,47
reactpgnodeapp,0,0
react-ratchet,0,0
classed-components,0,0
react-hooks-patterns,0,0
Udacity-ReactJs-Nanodegree,0,0
tester,0,0
feasible-ui-src,0,0
wiki-tv,0,0
Fullstack-booking-system,0,0
react-typescript-radiobutton,0,0
ReactJS-CRUD,0,0
rex-react-component-starter-kit,0,0
insulo,0,0
uwp-ui-react,0,0
storybook-addon-themepicker,0,0
avenger-components,0,0
gatsby-plugin-advanced-pages,0,0
suprim-ui,0,0
kitchen-sink,0,0
goto-react,0,0
React_Basic,0,0
ReactJS-Address-Autosuggest,0,0
reactjs-blog,0,0
react-list,0,0
react-nhl-logos,0,0
redux-routable,0,0
react-patterns,0,0
mdlean,0,0
learning-react,0,0
reactive-blueimp-gallery,0,0
react-components,0,0
storybook,203,473
igniteui-react,0,0
react-flex-layout,0,0
fantastic-components,0,0
react-adm-lte,0,0
react-css-loader,0,0
react-nebo15-components,0,0
laravel-react-component,0,0
house-rules,0,0
MeetingApp,0,0
zebbra,0,0
react-bootstrap,515,1000
webinar-codepolitan-belajar-react,0,0
Launch-5,0,0
nw-gtk,0,0
react-discuss,0,0
StoriesApp,0,0
HaitianFoodMenu,0,0
msm-cli,0,0
robo-friends,0,0
DraggableDialog,0,0
React-LifeCycles-DeepDive,0,0
react-spfx,0,0
Covid-19-Coronavirus-Tracker,0,0
BBMS,0,0
understanding-component-lifecycle,0,0
stellar,1,8
spotify-react-native-app,0,0
operations-ui,0,0
